name,trial,a,b,rating,rt_ms,ts,strategy
Cosmic Raven,1,6,8,5,3131,2026-09-08T18:25:03.484+00:00,shape
Cosmic Raven,2,4,5,2,1861,2026-09-08T18:25:05.564+00:00,shape
Cosmic Raven,3,2,1,2,4537,2026-09-08T18:25:10.319+00:00,shape
Cosmic Raven,4,4,3,2,2370,2026-09-08T18:25:12.914+00:00,shape
Cosmic Raven,5,7,8,2,1621,2026-09-08T18:25:14.757+00:00,shape
Cosmic Raven,6,4,2,2,1395,2026-09-08T18:25:16.379+00:00,shape
Cosmic Raven,7,8,2,2,1242,2026-09-08T18:25:17.846+00:00,shape
Cosmic Raven,8,4,8,2,1053,2026-09-08T18:25:19.116+00:00,shape
Cosmic Raven,9,5,4,2,1144,2026-09-08T18:25:20.485+00:00,shape
Cosmic Raven,10,8,6,6,2385,2026-09-08T18:25:23.092+00:00,shape
Cosmic Raven,11,5,1,2,1126,2026-09-08T18:25:24.444+00:00,shape
Cosmic Raven,12,5,9,2,985,2026-09-08T18:25:25.647+00:00,shape
Cosmic Raven,13,5,6,2,1011,2026-09-08T18:25:26.883+00:00,shape
Cosmic Raven,14,9,2,2,1835,2026-09-08T18:25:28.939+00:00,shape
Cosmic Raven,15,4,1,2,1160,2026-09-08T18:25:30.323+00:00,shape
Cosmic Raven,16,1,7,2,909,2026-09-08T18:25:31.451+00:00,shape
Cosmic Raven,17,1,9,2,1095,2026-09-08T18:25:32.775+00:00,shape
Cosmic Raven,18,1,6,2,1152,2026-09-08T18:25:34.151+00:00,shape
Cosmic Raven,19,4,9,2,844,2026-09-08T18:25:35.215+00:00,shape
Cosmic Raven,20,0,9,5,1964,2026-09-08T18:25:37.406+00:00,shape
Cosmic Raven,21,1,3,2,1364,2026-09-08T18:25:38.990+00:00,shape
Cosmic Raven,22,7,1,2,1127,2026-09-08T18:25:40.342+00:00,shape
Cosmic Raven,23,6,5,2,1869,2026-09-08T18:25:42.434+00:00,shape
Cosmic Raven,24,2,9,2,902,2026-09-08T18:25:43.559+00:00,shape
Cosmic Raven,25,6,0,6,1919,2026-09-08T18:25:45.698+00:00,shape
Cosmic Raven,26,2,8,2,1126,2026-09-08T18:25:47.046+00:00,shape
Cosmic Raven,27,9,4,2,995,2026-09-08T18:25:48.267+00:00,shape
Cosmic Raven,28,5,2,2,819,2026-09-08T18:25:49.309+00:00,shape
Cosmic Raven,29,6,3,5,3294,2026-09-08T18:25:52.824+00:00,shape
Cosmic Raven,30,2,3,2,1119,2026-09-08T18:25:54.169+00:00,shape
Cosmic Raven,31,8,3,5,2834,2026-09-08T18:25:57.222+00:00,shape
Cosmic Raven,32,0,7,2,1745,2026-09-08T18:25:59.194+00:00,shape
Cosmic Raven,33,3,1,2,1061,2026-09-08T18:26:00.476+00:00,shape
Cosmic Raven,34,3,0,2,2742,2026-09-08T18:26:03.440+00:00,shape
Cosmic Raven,35,0,1,2,1012,2026-09-08T18:26:04.673+00:00,shape
Cosmic Raven,36,9,8,5,5135,2026-09-08T18:26:10.034+00:00,shape
Cosmic Raven,37,6,2,2,7689,2026-09-08T18:26:17.946+00:00,shape
Cosmic Raven,38,8,1,2,1005,2026-09-08T18:26:19.175+00:00,shape
Cosmic Raven,39,9,0,5,2095,2026-09-08T18:26:21.489+00:00,shape
Cosmic Raven,40,9,6,6,2460,2026-09-08T18:26:24.175+00:00,shape
Cosmic Raven,41,7,2,2,1294,2026-09-08T18:26:25.689+00:00,shape
Cosmic Raven,42,6,9,6,1269,2026-09-08T18:26:27.184+00:00,shape
Cosmic Raven,43,6,4,2,1229,2026-09-08T18:26:28.635+00:00,shape
Cosmic Raven,44,7,3,2,725,2026-09-08T18:26:29.583+00:00,shape
Cosmic Raven,45,7,6,2,870,2026-09-08T18:26:30.678+00:00,shape
Cosmic Raven,46,9,7,2,1594,2026-09-08T18:26:32.491+00:00,shape
Cosmic Raven,47,8,5,2,1310,2026-09-08T18:26:34.026+00:00,shape
Cosmic Raven,48,3,7,2,1059,2026-09-08T18:26:35.304+00:00,shape
Cosmic Raven,49,0,4,2,1044,2026-09-08T18:26:36.575+00:00,shape
Cosmic Raven,50,3,6,6,2160,2026-09-08T18:26:38.960+00:00,shape
Cosmic Raven,51,5,7,2,1302,2026-09-08T18:26:40.485+00:00,shape
Cosmic Raven,52,8,0,6,2061,2026-09-08T18:26:42.766+00:00,shape
Cosmic Raven,53,7,0,2,1002,2026-09-08T18:26:43.988+00:00,shape
Cosmic Raven,54,3,9,2,1061,2026-09-08T18:26:45.276+00:00,shape
Cosmic Raven,55,6,1,2,777,2026-09-08T18:26:46.276+00:00,shape
Cosmic Raven,56,1,8,2,743,2026-09-08T18:26:47.239+00:00,shape
Cosmic Raven,57,5,8,2,645,2026-09-08T18:26:48.106+00:00,shape
Cosmic Raven,58,3,4,2,1102,2026-09-08T18:26:49.432+00:00,shape
Cosmic Raven,59,9,5,2,876,2026-09-08T18:26:50.531+00:00,shape
Cosmic Raven,60,0,6,6,1661,2026-09-08T18:26:52.414+00:00,shape
Cosmic Raven,61,0,8,6,2527,2026-09-08T18:26:55.163+00:00,shape
Cosmic Raven,62,0,2,2,1679,2026-09-08T18:26:57.064+00:00,shape
Cosmic Raven,63,5,3,2,1027,2026-09-08T18:26:58.313+00:00,shape
Cosmic Raven,64,3,8,6,4003,2026-09-08T18:27:02.541+00:00,shape
Cosmic Raven,65,0,3,5,4951,2026-09-08T18:27:07.718+00:00,shape
Cosmic Raven,66,2,6,2,1421,2026-09-08T18:27:09.365+00:00,shape
Cosmic Raven,67,4,7,2,941,2026-09-08T18:27:10.523+00:00,shape
Cosmic Raven,68,6,7,2,1085,2026-09-08T18:27:11.833+00:00,shape
Cosmic Raven,69,4,0,2,3361,2026-09-08T18:27:15.412+00:00,shape
Cosmic Raven,70,2,7,2,1228,2026-09-08T18:27:16.866+00:00,shape
Cosmic Raven,71,8,7,2,1019,2026-09-08T18:27:18.105+00:00,shape
Cosmic Raven,72,5,0,2,3971,2026-09-08T18:27:22.299+00:00,shape
Cosmic Raven,73,4,6,2,3927,2026-09-08T18:27:26.451+00:00,shape
Cosmic Raven,74,1,2,5,2427,2026-09-08T18:27:29.102+00:00,shape
Cosmic Raven,75,1,4,2,1061,2026-09-08T18:27:30.384+00:00,shape
Cosmic Raven,76,9,3,6,1460,2026-09-08T18:27:32.064+00:00,shape
Cosmic Raven,77,8,9,6,2836,2026-09-08T18:27:35.124+00:00,shape
Cosmic Raven,78,2,5,2,1559,2026-09-08T18:27:36.908+00:00,shape
Cosmic Raven,79,3,2,2,1802,2026-09-08T18:27:38.929+00:00,shape
Cosmic Raven,80,2,0,2,1611,2026-09-08T18:27:40.764+00:00,shape
Cosmic Raven,81,2,4,2,827,2026-09-08T18:27:41.812+00:00,shape
Cosmic Raven,82,3,5,2,1161,2026-09-08T18:27:43.197+00:00,shape
Cosmic Raven,83,7,9,2,1009,2026-09-08T18:27:44.428+00:00,shape
Cosmic Raven,84,1,5,2,919,2026-09-08T18:27:45.574+00:00,shape
Cosmic Raven,85,7,5,2,5978,2026-09-08T18:27:51.776+00:00,shape
Cosmic Raven,86,7,4,2,2127,2026-09-08T18:27:54.122+00:00,shape
Cosmic Raven,87,9,1,2,1202,2026-09-08T18:27:55.546+00:00,shape
Cosmic Raven,88,1,0,3,6868,2026-09-08T18:28:02.639+00:00,shape
Cosmic Raven,89,8,4,2,1545,2026-09-08T18:28:04.406+00:00,shape
Cosmic Raven,90,0,5,3,4043,2026-09-08T18:28:08.676+00:00,shape
Crafty Turtle,1,5,0,3,5680,2026-09-08T18:25:05.135+00:00,mixed
Crafty Turtle,2,8,5,2,3904,2026-09-08T18:25:09.266+00:00,mixed
Crafty Turtle,3,2,1,5,1888,2026-09-08T18:25:11.385+00:00,mixed
Crafty Turtle,4,6,9,6,1905,2026-09-08T18:25:13.516+00:00,mixed
Crafty Turtle,5,0,2,4,3808,2026-09-08T18:25:17.552+00:00,mixed
Crafty Turtle,6,9,8,6,1403,2026-09-08T18:25:19.197+00:00,mixed
Crafty Turtle,7,7,9,4,2753,2026-09-08T18:25:22.164+00:00,mixed
Crafty Turtle,8,1,2,5,1623,2026-09-08T18:25:24.099+00:00,mixed
Crafty Turtle,9,2,6,4,3540,2026-09-08T18:25:27.785+00:00,mixed
Crafty Turtle,10,3,6,6,2020,2026-09-08T18:25:30.031+00:00,mixed
Crafty Turtle,11,5,8,2,2293,2026-09-08T18:25:32.553+00:00,mixed
Crafty Turtle,12,5,6,5,1635,2026-09-08T18:25:34.419+00:00,mixed
Crafty Turtle,13,6,8,4,2039,2026-09-08T18:25:36.686+00:00,mixed
Crafty Turtle,14,3,1,2,2220,2026-09-08T18:25:39.133+00:00,mixed
Crafty Turtle,15,3,0,2,1622,2026-09-08T18:25:40.984+00:00,mixed
Crafty Turtle,16,8,9,5,1903,2026-09-08T18:25:43.114+00:00,mixed
Crafty Turtle,17,8,7,4,2224,2026-09-08T18:25:45.593+00:00,mixed
Crafty Turtle,18,9,0,3,1670,2026-09-08T18:25:47.463+00:00,mixed
Crafty Turtle,19,1,8,1,3242,2026-09-08T18:25:50.935+00:00,mixed
Crafty Turtle,20,6,1,2,3672,2026-09-08T18:25:54.835+00:00,mixed
Crafty Turtle,21,0,9,5,2253,2026-09-08T18:25:57.317+00:00,mixed
Crafty Turtle,22,4,6,2,1821,2026-09-08T18:25:59.361+00:00,mixed
Crafty Turtle,23,9,2,5,3062,2026-09-08T18:26:02.655+00:00,mixed
Crafty Turtle,24,5,7,3,1835,2026-09-08T18:26:04.716+00:00,mixed
Crafty Turtle,25,4,0,2,3759,2026-09-08T18:26:08.703+00:00,mixed
Crafty Turtle,26,7,2,4,3751,2026-09-08T18:26:12.684+00:00,mixed
Crafty Turtle,27,2,7,2,4491,2026-09-08T18:26:17.403+00:00,mixed
Crafty Turtle,28,7,4,5,2601,2026-09-08T18:26:20.236+00:00,mixed
Crafty Turtle,29,0,7,2,1871,2026-09-08T18:26:22.333+00:00,mixed
Crafty Turtle,30,3,9,5,3455,2026-09-08T18:26:26.016+00:00,mixed
Crafty Turtle,31,7,3,2,4787,2026-09-08T18:26:31.216+00:00,mixed
Crafty Turtle,32,1,3,2,2122,2026-09-08T18:26:33.383+00:00,mixed
Crafty Turtle,33,6,2,5,1741,2026-09-08T18:26:35.415+00:00,mixed
Crafty Turtle,34,5,3,4,2501,2026-09-08T18:26:38.083+00:00,mixed
Crafty Turtle,35,6,4,3,2490,2026-09-08T18:26:40.800+00:00,mixed
Crafty Turtle,36,6,3,4,2554,2026-09-08T18:26:43.799+00:00,mixed
Crafty Turtle,37,4,1,5,2053,2026-09-08T18:26:45.894+00:00,mixed
Crafty Turtle,38,7,8,4,1307,2026-09-08T18:26:47.466+00:00,mixed
Crafty Turtle,39,1,5,5,2135,2026-09-08T18:26:49.766+00:00,mixed
Crafty Turtle,40,7,1,5,1508,2026-09-08T18:26:51.503+00:00,mixed
Crafty Turtle,41,0,4,2,4102,2026-09-08T18:26:55.857+00:00,mixed
Crafty Turtle,42,5,1,3,1555,2026-09-08T18:26:57.620+00:00,mixed
Crafty Turtle,43,0,6,5,1858,2026-09-08T18:26:59.702+00:00,mixed
Crafty Turtle,44,3,4,3,1520,2026-09-08T18:27:01.452+00:00,mixed
Crafty Turtle,45,5,4,4,1637,2026-09-08T18:27:03.316+00:00,mixed
Crafty Turtle,46,9,5,5,1788,2026-09-08T18:27:05.332+00:00,mixed
Crafty Turtle,47,2,4,4,1991,2026-09-08T18:27:07.553+00:00,mixed
Crafty Turtle,48,8,6,6,1735,2026-09-08T18:27:09.518+00:00,mixed
Crafty Turtle,49,1,6,2,1271,2026-09-08T18:27:11.074+00:00,mixed
Crafty Turtle,50,9,6,7,2072,2026-09-08T18:27:13.316+00:00,mixed
Crafty Turtle,51,1,9,2,1807,2026-09-08T18:27:15.352+00:00,mixed
Crafty Turtle,52,8,0,6,1852,2026-09-08T18:27:17.434+00:00,mixed
Crafty Turtle,53,0,3,5,1391,2026-09-08T18:27:19.051+00:00,mixed
Crafty Turtle,54,2,9,3,3052,2026-09-08T18:27:22.332+00:00,mixed
Crafty Turtle,55,0,5,2,3071,2026-09-08T18:27:25.633+00:00,mixed
Crafty Turtle,56,2,3,5,1523,2026-09-08T18:27:27.384+00:00,mixed
Crafty Turtle,57,9,7,4,1320,2026-09-08T18:27:28.933+00:00,mixed
Crafty Turtle,58,8,4,3,1371,2026-09-08T18:27:30.535+00:00,mixed
Crafty Turtle,59,0,8,6,2770,2026-09-08T18:27:33.614+00:00,mixed
Crafty Turtle,60,2,8,6,1355,2026-09-08T18:27:35.200+00:00,mixed
Crafty Turtle,61,5,2,6,1973,2026-09-08T18:27:37.320+00:00,mixed
Crafty Turtle,62,3,5,4,2486,2026-09-08T18:27:40.032+00:00,mixed
Crafty Turtle,63,9,1,2,1522,2026-09-08T18:27:41.782+00:00,mixed
Crafty Turtle,64,7,6,2,1773,2026-09-08T18:27:43.787+00:00,mixed
Crafty Turtle,65,3,7,2,1555,2026-09-08T18:27:45.561+00:00,mixed
Crafty Turtle,66,7,5,4,1492,2026-09-08T18:27:47.284+00:00,mixed
Crafty Turtle,67,4,3,3,1322,2026-09-08T18:27:48.836+00:00,mixed
Crafty Turtle,68,6,7,3,2253,2026-09-08T18:27:51.316+00:00,mixed
Crafty Turtle,69,9,4,4,2438,2026-09-08T18:27:54.070+00:00,mixed
Crafty Turtle,70,3,2,5,2004,2026-09-08T18:27:56.215+00:00,mixed
Crafty Turtle,71,7,0,3,1521,2026-09-08T18:27:57.965+00:00,mixed
Crafty Turtle,72,4,8,3,1939,2026-09-08T18:28:00.131+00:00,mixed
Crafty Turtle,73,0,1,4,1824,2026-09-08T18:28:02.182+00:00,mixed
Crafty Turtle,74,5,9,5,2141,2026-09-08T18:28:04.560+00:00,mixed
Crafty Turtle,75,1,0,4,3172,2026-09-08T18:28:07.950+00:00,mixed
Crafty Turtle,76,8,1,2,1637,2026-09-08T18:28:09.816+00:00,mixed
Crafty Turtle,77,6,0,5,1672,2026-09-08T18:28:11.715+00:00,mixed
Crafty Turtle,78,1,7,6,2460,2026-09-08T18:28:14.405+00:00,mixed
Crafty Turtle,79,4,2,3,2665,2026-09-08T18:28:17.298+00:00,mixed
Crafty Turtle,80,2,0,2,1355,2026-09-08T18:28:18.885+00:00,mixed
Crafty Turtle,81,4,5,3,2189,2026-09-08T18:28:21.349+00:00,mixed
Crafty Turtle,82,8,2,4,2053,2026-09-08T18:28:23.583+00:00,mixed
Crafty Turtle,83,9,3,3,1738,2026-09-08T18:28:25.548+00:00,mixed
Crafty Turtle,84,2,5,4,2189,2026-09-08T18:28:27.967+00:00,mixed
Crafty Turtle,85,4,9,3,1756,2026-09-08T18:28:29.952+00:00,mixed
Crafty Turtle,86,1,4,5,2304,2026-09-08T18:28:32.485+00:00,mixed
Crafty Turtle,87,4,7,5,1903,2026-09-08T18:28:34.617+00:00,mixed
Crafty Turtle,88,6,5,5,1938,2026-09-08T18:28:36.786+00:00,mixed
Crafty Turtle,89,8,3,5,1340,2026-09-08T18:28:38.354+00:00,mixed
Crafty Turtle,90,3,8,5,1839,2026-09-08T18:28:40.419+00:00,mixed
Eager Lynx,1,8,4,1,1716,2026-09-08T18:24:52.903+00:00,shape
Eager Lynx,2,0,2,2,2511,2026-09-08T18:24:55.587+00:00,shape
Eager Lynx,3,9,5,5,2344,2026-09-08T18:24:58.147+00:00,shape
Eager Lynx,4,9,8,5,2894,2026-09-08T18:25:01.293+00:00,shape
Eager Lynx,5,5,6,6,2310,2026-09-08T18:25:03.798+00:00,shape
Eager Lynx,6,9,0,6,2211,2026-09-08T18:25:06.235+00:00,shape
Eager Lynx,7,8,3,6,2729,2026-09-08T18:25:09.178+00:00,shape
Eager Lynx,8,0,9,6,1844,2026-09-08T18:25:11.259+00:00,shape
Eager Lynx,9,0,7,2,1961,2026-09-08T18:25:13.433+00:00,shape
Eager Lynx,10,0,6,6,2761,2026-09-08T18:25:16.414+00:00,shape
Eager Lynx,11,5,4,5,2110,2026-09-08T18:25:18.745+00:00,shape
Eager Lynx,12,2,1,4,1677,2026-09-08T18:25:20.649+00:00,shape
Eager Lynx,13,3,6,6,2694,2026-09-08T18:25:23.570+00:00,shape
Eager Lynx,14,6,7,2,3745,2026-09-08T18:25:27.535+00:00,shape
Eager Lynx,15,5,1,2,3161,2026-09-08T18:25:30.910+00:00,shape
Eager Lynx,16,1,7,6,4412,2026-09-08T18:25:35.555+00:00,shape
Eager Lynx,17,6,8,6,2378,2026-09-08T18:25:38.147+00:00,shape
Eager Lynx,18,3,8,6,2560,2026-09-08T18:25:40.932+00:00,shape
Eager Lynx,19,4,5,4,3861,2026-09-08T18:25:45.070+00:00,shape
Eager Lynx,20,2,8,6,2911,2026-09-08T18:25:48.260+00:00,shape
Eager Lynx,21,7,2,5,3511,2026-09-08T18:25:51.884+00:00,shape
Eager Lynx,22,1,3,6,1894,2026-09-08T18:25:53.998+00:00,shape
Eager Lynx,23,3,2,5,1361,2026-09-08T18:25:55.583+00:00,shape
Eager Lynx,24,2,9,5,3328,2026-09-08T18:25:59.132+00:00,shape
Eager Lynx,25,6,3,5,3078,2026-09-08T18:26:02.428+00:00,shape
Eager Lynx,26,5,8,6,2510,2026-09-08T18:26:05.165+00:00,shape
Eager Lynx,27,7,9,5,3227,2026-09-08T18:26:08.663+00:00,shape
Eager Lynx,28,7,3,3,2278,2026-09-08T18:26:11.111+00:00,shape
Eager Lynx,29,1,2,3,2810,2026-09-08T18:26:14.154+00:00,shape
Eager Lynx,30,6,1,1,2927,2026-09-08T18:26:17.298+00:00,shape
Eager Lynx,31,4,3,5,2594,2026-09-08T18:26:20.114+00:00,shape
Eager Lynx,32,1,4,6,1777,2026-09-08T18:26:22.112+00:00,shape
Eager Lynx,33,6,4,2,994,2026-09-08T18:26:23.346+00:00,shape
Eager Lynx,34,8,1,6,2011,2026-09-08T18:26:25.569+00:00,shape
Eager Lynx,35,3,9,5,1161,2026-09-08T18:26:27.016+00:00,shape
Eager Lynx,36,9,6,3,1194,2026-09-08T18:26:28.369+00:00,shape
Eager Lynx,37,4,8,4,977,2026-09-08T18:26:29.561+00:00,shape
Eager Lynx,38,9,7,2,944,2026-09-08T18:26:30.727+00:00,shape
Eager Lynx,39,8,0,5,794,2026-09-08T18:26:31.744+00:00,shape
Eager Lynx,40,4,6,6,2528,2026-09-08T18:26:34.503+00:00,shape
Eager Lynx,41,9,2,6,1477,2026-09-08T18:26:36.204+00:00,shape
Eager Lynx,42,8,5,3,960,2026-09-08T18:26:37.378+00:00,shape
Eager Lynx,43,2,4,2,694,2026-09-08T18:26:38.302+00:00,shape
Eager Lynx,44,7,0,5,1061,2026-09-08T18:26:39.601+00:00,shape
Eager Lynx,45,1,6,6,644,2026-09-08T18:26:40.444+00:00,shape
Eager Lynx,46,3,7,2,1678,2026-09-08T18:26:42.353+00:00,shape
Eager Lynx,47,5,2,6,694,2026-09-08T18:26:43.270+00:00,shape
Eager Lynx,48,4,7,5,844,2026-09-08T18:26:44.333+00:00,shape
Eager Lynx,49,2,7,3,844,2026-09-08T18:26:45.403+00:00,shape
Eager Lynx,50,9,3,6,844,2026-09-08T18:26:46.465+00:00,shape
Eager Lynx,51,3,4,2,727,2026-09-08T18:26:47.465+00:00,shape
Eager Lynx,52,9,1,6,627,2026-09-08T18:26:48.260+00:00,shape
Eager Lynx,53,0,4,5,694,2026-09-08T18:26:49.185+00:00,shape
Eager Lynx,54,6,9,4,511,2026-09-08T18:26:49.911+00:00,shape
Eager Lynx,55,0,5,4,1527,2026-09-08T18:26:51.663+00:00,shape
Eager Lynx,56,8,6,6,5594,2026-09-08T18:26:57.483+00:00,shape
Eager Lynx,57,5,0,5,1261,2026-09-08T18:26:59.202+00:00,shape
Eager Lynx,58,7,6,4,1827,2026-09-08T18:27:01.104+00:00,shape
Eager Lynx,59,9,4,5,4527,2026-09-08T18:27:05.826+00:00,shape
Eager Lynx,60,1,9,6,1011,2026-09-08T18:27:06.998+00:00,shape
Eager Lynx,61,0,8,5,1161,2026-09-08T18:27:08.492+00:00,shape
Eager Lynx,62,4,2,5,4627,2026-09-08T18:27:13.230+00:00,shape
Eager Lynx,63,3,1,3,1527,2026-09-08T18:27:14.979+00:00,shape
Eager Lynx,64,7,5,3,1644,2026-09-08T18:27:16.847+00:00,shape
Eager Lynx,65,1,0,6,5894,2026-09-08T18:27:22.963+00:00,shape
Eager Lynx,66,5,7,5,662,2026-09-08T18:27:23.844+00:00,shape
Eager Lynx,67,4,9,4,1011,2026-09-08T18:27:25.080+00:00,shape
Eager Lynx,68,7,4,5,677,2026-09-08T18:27:25.986+00:00,shape
Eager Lynx,69,5,3,3,2127,2026-09-08T18:27:28.373+00:00,shape
Eager Lynx,70,3,5,5,710,2026-09-08T18:27:29.264+00:00,shape
Eager Lynx,71,6,2,6,545,2026-09-08T18:27:30.032+00:00,shape
Eager Lynx,72,5,9,3,1144,2026-09-08T18:27:31.396+00:00,shape
Eager Lynx,73,4,1,4,1560,2026-09-08T18:27:33.181+00:00,shape
Eager Lynx,74,2,6,5,728,2026-09-08T18:27:34.144+00:00,shape
Eager Lynx,75,8,2,5,1778,2026-09-08T18:27:36.127+00:00,shape
Eager Lynx,76,3,0,3,1027,2026-09-08T18:27:37.380+00:00,shape
Eager Lynx,77,4,0,4,545,2026-09-08T18:27:38.144+00:00,shape
Eager Lynx,78,2,5,5,544,2026-09-08T18:27:38.909+00:00,shape
Eager Lynx,79,1,8,6,479,2026-09-08T18:27:39.614+00:00,shape
Eager Lynx,80,0,3,2,2361,2026-09-08T18:27:42.197+00:00,shape
Eager Lynx,81,2,3,5,1829,2026-09-08T18:27:44.244+00:00,shape
Eager Lynx,82,6,5,6,444,2026-09-08T18:27:44.913+00:00,shape
Eager Lynx,83,1,5,5,1810,2026-09-08T18:27:46.947+00:00,shape
Eager Lynx,84,6,0,4,461,2026-09-08T18:27:47.627+00:00,shape
Eager Lynx,85,2,0,3,294,2026-09-08T18:27:48.143+00:00,shape
Eager Lynx,86,8,7,6,878,2026-09-08T18:27:49.251+00:00,shape
Eager Lynx,87,0,1,6,595,2026-09-08T18:27:50.066+00:00,shape
Eager Lynx,88,7,1,6,627,2026-09-08T18:27:50.920+00:00,shape
Eager Lynx,89,7,8,6,494,2026-09-08T18:27:51.635+00:00,shape
Eager Lynx,90,8,9,6,662,2026-09-08T18:27:52.512+00:00,shape
Fancy Falcon,1,5,6,7,9283,2026-09-08T18:25:33.668+00:00,mixed
Fancy Falcon,2,6,3,2,2944,2026-09-08T18:25:36.781+00:00,mixed
Fancy Falcon,3,9,0,5,2427,2026-09-08T18:25:39.430+00:00,mixed
Fancy Falcon,4,7,1,4,3594,2026-09-08T18:25:43.247+00:00,mixed
Fancy Falcon,5,7,0,2,1942,2026-09-08T18:25:45.486+00:00,mixed
Fancy Falcon,6,7,6,2,3414,2026-09-08T18:25:49.064+00:00,mixed
Fancy Falcon,7,0,2,3,2542,2026-09-08T18:25:51.884+00:00,mixed
Fancy Falcon,8,7,9,6,7011,2026-09-08T18:25:59.049+00:00,mixed
Fancy Falcon,9,3,1,6,10961,2026-09-08T18:26:10.242+00:00,mixed
Fancy Falcon,10,2,5,5,1544,2026-09-08T18:26:11.996+00:00,mixed
Fancy Falcon,11,9,3,2,6744,2026-09-08T18:26:18.963+00:00,mixed
Fancy Falcon,12,1,4,5,1676,2026-09-08T18:26:20.862+00:00,mixed
Fancy Falcon,13,8,4,4,5661,2026-09-08T18:26:26.747+00:00,mixed
Fancy Falcon,14,5,9,3,2677,2026-09-08T18:26:29.647+00:00,mixed
Fancy Falcon,15,3,6,5,2444,2026-09-08T18:26:32.315+00:00,mixed
Fancy Falcon,16,2,8,2,2495,2026-09-08T18:26:35.030+00:00,mixed
Fancy Falcon,17,9,5,5,3760,2026-09-08T18:26:39.075+00:00,mixed
Fancy Falcon,18,3,9,2,3310,2026-09-08T18:26:42.545+00:00,mixed
Fancy Falcon,19,0,6,3,7228,2026-09-08T18:26:49.997+00:00,mixed
Fancy Falcon,20,1,8,2,1427,2026-09-08T18:26:51.664+00:00,mixed
Fancy Falcon,21,6,7,7,3827,2026-09-08T18:26:55.696+00:00,mixed
Fancy Falcon,22,3,4,7,1477,2026-09-08T18:26:57.439+00:00,mixed
Fancy Falcon,23,5,0,3,5911,2026-09-08T18:27:03.529+00:00,mixed
Fancy Falcon,24,4,0,4,1728,2026-09-08T18:27:05.481+00:00,mixed
Fancy Falcon,25,8,7,7,2462,2026-09-08T18:27:08.163+00:00,mixed
Fancy Falcon,26,8,0,2,1693,2026-09-08T18:27:10.078+00:00,mixed
Fancy Falcon,27,5,1,3,6811,2026-09-08T18:27:17.113+00:00,mixed
Fancy Falcon,28,0,8,1,3277,2026-09-08T18:27:20.612+00:00,mixed
Fancy Falcon,29,1,7,2,2393,2026-09-08T18:27:23.229+00:00,mixed
Fancy Falcon,30,5,4,7,3243,2026-09-08T18:27:26.698+00:00,mixed
Fancy Falcon,31,1,0,7,1044,2026-09-08T18:27:27.965+00:00,mixed
Fancy Falcon,32,8,5,5,3444,2026-09-08T18:27:31.632+00:00,mixed
Fancy Falcon,33,2,7,3,1860,2026-09-08T18:27:33.711+00:00,mixed
Fancy Falcon,34,3,5,6,1261,2026-09-08T18:27:35.197+00:00,mixed
Fancy Falcon,35,9,1,1,1411,2026-09-08T18:27:36.829+00:00,mixed
Fancy Falcon,36,0,3,5,1194,2026-09-08T18:27:38.246+00:00,mixed
Fancy Falcon,37,7,2,3,1878,2026-09-08T18:27:40.347+00:00,mixed
Fancy Falcon,38,0,1,7,2876,2026-09-08T18:27:43.445+00:00,mixed
Fancy Falcon,39,2,6,4,2861,2026-09-08T18:27:46.528+00:00,mixed
Fancy Falcon,40,6,4,6,1460,2026-09-08T18:27:48.212+00:00,mixed
Fancy Falcon,41,3,0,5,927,2026-09-08T18:27:49.361+00:00,mixed
Fancy Falcon,42,5,3,6,1478,2026-09-08T18:27:51.063+00:00,mixed
Fancy Falcon,43,6,0,3,1394,2026-09-08T18:27:52.679+00:00,mixed
Fancy Falcon,44,7,5,5,977,2026-09-08T18:27:53.878+00:00,mixed
Fancy Falcon,45,2,3,7,2010,2026-09-08T18:27:56.172+00:00,mixed
Fancy Falcon,46,2,9,2,2144,2026-09-08T18:27:58.785+00:00,mixed
Fancy Falcon,47,3,7,5,1194,2026-09-08T18:27:59.898+00:00,mixed
Fancy Falcon,48,8,6,6,3946,2026-09-08T18:28:04.066+00:00,mixed
Fancy Falcon,49,9,6,4,1725,2026-09-08T18:28:06.011+00:00,mixed
Fancy Falcon,50,2,0,6,1695,2026-09-08T18:28:07.929+00:00,mixed
Fancy Falcon,51,8,2,3,2612,2026-09-08T18:28:10.763+00:00,mixed
Fancy Falcon,52,0,9,1,1627,2026-09-08T18:28:12.613+00:00,mixed
Fancy Falcon,53,6,1,3,3878,2026-09-08T18:28:16.712+00:00,mixed
Fancy Falcon,54,4,8,5,1677,2026-09-08T18:28:18.617+00:00,mixed
Fancy Falcon,55,9,8,7,3211,2026-09-08T18:28:22.048+00:00,mixed
Fancy Falcon,56,1,3,6,1095,2026-09-08T18:28:23.450+00:00,mixed
Fancy Falcon,57,0,4,4,1193,2026-09-08T18:28:24.780+00:00,mixed
Fancy Falcon,58,1,6,3,944,2026-09-08T18:28:25.946+00:00,mixed
Fancy Falcon,59,7,4,5,2059,2026-09-08T18:28:28.228+00:00,mixed
Fancy Falcon,60,4,1,5,2195,2026-09-08T18:28:30.646+00:00,mixed
Fancy Falcon,61,6,2,4,1810,2026-09-08T18:28:32.678+00:00,mixed
Fancy Falcon,62,9,7,6,1278,2026-09-08T18:28:34.179+00:00,mixed
Fancy Falcon,63,8,3,3,1743,2026-09-08T18:28:36.148+00:00,mixed
Fancy Falcon,64,8,9,7,1044,2026-09-08T18:28:37.412+00:00,mixed
Fancy Falcon,65,4,6,5,2278,2026-09-08T18:28:39.917+00:00,mixed
Fancy Falcon,66,4,9,3,1376,2026-09-08T18:28:41.511+00:00,mixed
Fancy Falcon,67,2,1,7,1212,2026-09-08T18:28:42.945+00:00,mixed
Fancy Falcon,68,6,9,5,1228,2026-09-08T18:28:44.421+00:00,mixed
Fancy Falcon,69,1,2,7,1261,2026-09-08T18:28:45.880+00:00,mixed
Fancy Falcon,70,5,7,5,1911,2026-09-08T18:28:48.086+00:00,mixed
Fancy Falcon,71,6,5,6,1228,2026-09-08T18:28:49.463+00:00,mixed
Fancy Falcon,72,2,4,5,2194,2026-09-08T18:28:51.882+00:00,mixed
Fancy Falcon,73,5,8,4,4860,2026-09-08T18:28:57.007+00:00,mixed
Fancy Falcon,74,4,3,7,1978,2026-09-08T18:28:59.168+00:00,mixed
Fancy Falcon,75,3,2,7,940,2026-09-08T18:29:00.327+00:00,mixed
Fancy Falcon,76,4,5,7,828,2026-09-08T18:29:01.382+00:00,mixed
Fancy Falcon,77,7,8,6,1043,2026-09-08T18:29:02.647+00:00,mixed
Fancy Falcon,78,9,2,2,1994,2026-09-08T18:29:04.867+00:00,mixed
Fancy Falcon,79,0,5,4,1160,2026-09-08T18:29:06.244+00:00,mixed
Fancy Falcon,80,1,9,2,1112,2026-09-08T18:29:07.583+00:00,mixed
Fancy Falcon,81,5,2,5,2094,2026-09-08T18:29:09.896+00:00,mixed
Fancy Falcon,82,4,2,6,1361,2026-09-08T18:29:11.481+00:00,mixed
Fancy Falcon,83,0,7,2,2193,2026-09-08T18:29:13.897+00:00,mixed
Fancy Falcon,84,7,3,4,1712,2026-09-08T18:29:15.885+00:00,mixed
Fancy Falcon,85,1,5,3,1061,2026-09-08T18:29:17.113+00:00,mixed
Fancy Falcon,86,4,7,4,1427,2026-09-08T18:29:18.763+00:00,mixed
Fancy Falcon,87,6,8,5,1044,2026-09-08T18:29:20.081+00:00,mixed
Fancy Falcon,88,3,8,3,1177,2026-09-08T18:29:21.429+00:00,mixed
Fancy Falcon,89,9,4,2,1278,2026-09-08T18:29:22.928+00:00,mixed
Fancy Falcon,90,8,1,1,1044,2026-09-08T18:29:24.286+00:00,mixed
Fancy Weasel,1,4,1,3,4472,2026-09-08T18:24:58.680+00:00,mixed
Fancy Weasel,2,4,0,5,2342,2026-09-08T18:25:01.304+00:00,mixed
Fancy Weasel,3,7,8,6,1547,2026-09-08T18:25:02.924+00:00,mixed
Fancy Weasel,4,2,8,3,5870,2026-09-08T18:25:09.004+00:00,mixed
Fancy Weasel,5,2,4,2,2416,2026-09-08T18:25:11.791+00:00,mixed
Fancy Weasel,6,6,4,2,2654,2026-09-08T18:25:14.912+00:00,mixed
Fancy Weasel,7,0,1,6,5552,2026-09-08T18:25:20.296+00:00,mixed
Fancy Weasel,8,0,6,3,2398,2026-09-08T18:25:23.053+00:00,mixed
Fancy Weasel,9,0,2,5,2748,2026-09-08T18:25:25.902+00:00,mixed
Fancy Weasel,10,5,6,5,5282,2026-09-08T18:25:31.446+00:00,mixed
Fancy Weasel,11,1,2,5,1660,2026-09-08T18:25:33.277+00:00,mixed
Fancy Weasel,12,4,8,5,3114,2026-09-08T18:25:36.692+00:00,mixed
Fancy Weasel,13,9,4,3,1968,2026-09-08T18:25:38.836+00:00,mixed
Fancy Weasel,14,2,9,2,2549,2026-09-08T18:25:41.654+00:00,mixed
Fancy Weasel,15,3,5,3,2265,2026-09-08T18:25:44.078+00:00,mixed
Fancy Weasel,16,6,2,2,1772,2026-09-08T18:25:46.128+00:00,mixed
Fancy Weasel,17,1,9,1,1744,2026-09-08T18:25:48.093+00:00,mixed
Fancy Weasel,18,6,5,3,8549,2026-09-08T18:25:56.823+00:00,mixed
Fancy Weasel,19,7,0,1,1628,2026-09-08T18:25:58.710+00:00,mixed
Fancy Weasel,20,2,3,6,1945,2026-09-08T18:26:00.864+00:00,mixed
Fancy Weasel,21,0,4,3,2104,2026-09-08T18:26:03.151+00:00,mixed
Fancy Weasel,22,2,1,6,3582,2026-09-08T18:26:07.103+00:00,mixed
Fancy Weasel,23,7,5,4,3734,2026-09-08T18:26:10.912+00:00,mixed
Fancy Weasel,24,5,9,4,2096,2026-09-08T18:26:13.391+00:00,mixed
Fancy Weasel,25,3,8,2,1794,2026-09-08T18:26:15.251+00:00,mixed
Fancy Weasel,26,2,7,2,1517,2026-09-08T18:26:17.110+00:00,mixed
Fancy Weasel,27,6,3,5,1719,2026-09-08T18:26:18.935+00:00,mixed
Fancy Weasel,28,8,0,1,3125,2026-09-08T18:26:22.363+00:00,mixed
Fancy Weasel,29,7,1,1,2630,2026-09-08T18:26:25.157+00:00,mixed
Fancy Weasel,30,0,5,1,1191,2026-09-08T18:26:26.759+00:00,mixed
Fancy Weasel,31,7,9,5,2368,2026-09-08T18:26:29.172+00:00,mixed
Fancy Weasel,32,4,5,6,1890,2026-09-08T18:26:31.275+00:00,mixed
Fancy Weasel,33,1,6,3,1866,2026-09-08T18:26:33.368+00:00,mixed
Fancy Weasel,34,0,7,1,1889,2026-09-08T18:26:35.462+00:00,mixed
Fancy Weasel,35,6,9,1,237,2026-09-08T18:26:35.988+00:00,mixed
Fancy Weasel,36,3,7,4,3502,2026-09-08T18:26:39.661+00:00,mixed
Fancy Weasel,37,3,9,2,1772,2026-09-08T18:26:41.706+00:00,mixed
Fancy Weasel,38,4,7,2,6245,2026-09-08T18:26:48.112+00:00,mixed
Fancy Weasel,39,7,3,2,1150,2026-09-08T18:26:49.618+00:00,mixed
Fancy Weasel,40,6,7,5,9534,2026-09-08T18:26:59.240+00:00,mixed
Fancy Weasel,41,4,3,5,1015,2026-09-08T18:27:00.478+00:00,mixed
Fancy Weasel,42,0,3,3,3439,2026-09-08T18:27:04.258+00:00,mixed
Fancy Weasel,43,1,8,2,2262,2026-09-08T18:27:06.650+00:00,mixed
Fancy Weasel,44,8,4,5,2480,2026-09-08T18:27:09.329+00:00,mixed
Fancy Weasel,45,6,1,2,2844,2026-09-08T18:27:12.398+00:00,mixed
Fancy Weasel,46,4,2,5,1778,2026-09-08T18:27:14.404+00:00,mixed
Fancy Weasel,47,4,9,3,1939,2026-09-08T18:27:16.571+00:00,mixed
Fancy Weasel,48,5,2,1,1827,2026-09-08T18:27:18.613+00:00,mixed
Fancy Weasel,49,7,6,5,4624,2026-09-08T18:27:23.530+00:00,mixed
Fancy Weasel,50,5,3,3,1430,2026-09-08T18:27:25.239+00:00,mixed
Fancy Weasel,51,7,4,4,2685,2026-09-08T18:27:28.024+00:00,mixed
Fancy Weasel,52,6,8,5,2160,2026-09-08T18:27:30.527+00:00,mixed
Fancy Weasel,53,8,3,2,1525,2026-09-08T18:27:32.151+00:00,mixed
Fancy Weasel,54,9,5,3,2351,2026-09-08T18:27:34.726+00:00,mixed
Fancy Weasel,55,2,6,1,5688,2026-09-08T18:27:40.679+00:00,mixed
Fancy Weasel,56,6,0,1,922,2026-09-08T18:27:41.816+00:00,mixed
Fancy Weasel,57,3,0,1,1175,2026-09-08T18:27:43.180+00:00,mixed
Fancy Weasel,58,8,2,2,2550,2026-09-08T18:27:45.952+00:00,mixed
Fancy Weasel,59,2,5,2,1152,2026-09-08T18:27:47.327+00:00,mixed
Fancy Weasel,60,7,2,2,1614,2026-09-08T18:27:49.168+00:00,mixed
Fancy Weasel,61,5,0,2,864,2026-09-08T18:27:50.406+00:00,mixed
Fancy Weasel,62,8,9,6,2168,2026-09-08T18:27:52.644+00:00,mixed
Fancy Weasel,63,9,2,2,4232,2026-09-08T18:27:57.467+00:00,mixed
Fancy Weasel,64,9,7,5,2653,2026-09-08T18:27:59.975+00:00,mixed
Fancy Weasel,65,9,6,4,1264,2026-09-08T18:28:01.478+00:00,mixed
Fancy Weasel,66,0,9,1,2096,2026-09-08T18:28:03.800+00:00,mixed
Fancy Weasel,67,3,1,5,5386,2026-09-08T18:28:09.402+00:00,mixed
Fancy Weasel,68,5,1,3,1539,2026-09-08T18:28:11.164+00:00,mixed
Fancy Weasel,69,1,3,5,1240,2026-09-08T18:28:12.616+00:00,mixed
Fancy Weasel,70,3,2,6,2073,2026-09-08T18:28:15.302+00:00,mixed
Fancy Weasel,71,1,5,3,1747,2026-09-08T18:28:16.883+00:00,mixed
Fancy Weasel,72,5,4,6,1954,2026-09-08T18:28:19.122+00:00,mixed
Fancy Weasel,73,9,3,5,3344,2026-09-08T18:28:22.633+00:00,mixed
Fancy Weasel,74,0,8,1,1859,2026-09-08T18:28:24.731+00:00,mixed
Fancy Weasel,75,2,0,1,1182,2026-09-08T18:28:26.142+00:00,mixed
Fancy Weasel,76,5,8,3,3863,2026-09-08T18:28:30.311+00:00,mixed
Fancy Weasel,77,9,8,6,1651,2026-09-08T18:28:32.088+00:00,mixed
Fancy Weasel,78,8,1,2,1939,2026-09-08T18:28:34.242+00:00,mixed
Fancy Weasel,79,5,7,5,2963,2026-09-08T18:28:37.427+00:00,mixed
Fancy Weasel,80,8,5,3,1603,2026-09-08T18:28:39.251+00:00,mixed
Fancy Weasel,81,9,0,1,2510,2026-09-08T18:28:42.050+00:00,mixed
Fancy Weasel,82,1,7,2,2033,2026-09-08T18:28:44.292+00:00,mixed
Fancy Weasel,83,1,0,6,1914,2026-09-08T18:28:46.524+00:00,mixed
Fancy Weasel,84,8,7,6,2406,2026-09-08T18:28:49.146+00:00,mixed
Fancy Weasel,85,4,6,5,1668,2026-09-08T18:28:50.961+00:00,mixed
Fancy Weasel,86,3,6,5,1572,2026-09-08T18:28:52.814+00:00,mixed
Fancy Weasel,87,1,4,3,4352,2026-09-08T18:28:57.299+00:00,mixed
Fancy Weasel,88,3,4,6,2551,2026-09-08T18:29:00.404+00:00,mixed
Fancy Weasel,89,9,1,5,2676,2026-09-08T18:29:02.944+00:00,mixed
Fancy Weasel,90,8,6,3,3600,2026-09-08T18:29:06.765+00:00,mixed
Glossy Sparrow,1,1,7,3,3898,2026-09-08T18:25:33.541+00:00,mixed
Glossy Sparrow,2,5,3,5,4759,2026-09-08T18:25:38.513+00:00,mixed
Glossy Sparrow,3,8,0,2,2612,2026-09-08T18:25:41.396+00:00,mixed
Glossy Sparrow,4,4,3,7,6094,2026-09-08T18:25:47.687+00:00,mixed
Glossy Sparrow,5,4,0,3,5427,2026-09-08T18:25:53.367+00:00,mixed
Glossy Sparrow,6,6,7,6,1545,2026-09-08T18:25:55.081+00:00,mixed
Glossy Sparrow,7,2,4,6,1911,2026-09-08T18:25:57.215+00:00,mixed
Glossy Sparrow,8,9,6,3,4427,2026-09-08T18:26:01.865+00:00,mixed
Glossy Sparrow,9,6,3,5,4203,2026-09-08T18:26:06.295+00:00,mixed
Glossy Sparrow,10,1,0,2,12616,2026-09-08T18:26:19.150+00:00,mixed
Glossy Sparrow,11,5,9,3,4110,2026-09-08T18:26:23.468+00:00,mixed
Glossy Sparrow,12,0,2,2,3711,2026-09-08T18:26:27.398+00:00,mixed
Glossy Sparrow,13,0,1,2,1177,2026-09-08T18:26:28.796+00:00,mixed
Glossy Sparrow,14,5,4,6,3013,2026-09-08T18:26:32.032+00:00,mixed
Glossy Sparrow,15,7,3,3,2271,2026-09-08T18:26:34.527+00:00,mixed
Glossy Sparrow,16,8,7,7,2300,2026-09-08T18:26:37.048+00:00,mixed
Glossy Sparrow,17,6,5,7,1345,2026-09-08T18:26:38.615+00:00,mixed
Glossy Sparrow,18,2,7,3,5710,2026-09-08T18:26:44.545+00:00,mixed
Glossy Sparrow,19,6,1,3,2630,2026-09-08T18:26:47.462+00:00,mixed
Glossy Sparrow,20,9,2,2,4744,2026-09-08T18:26:52.365+00:00,mixed
Glossy Sparrow,21,1,9,1,2959,2026-09-08T18:26:55.550+00:00,mixed
Glossy Sparrow,22,4,9,3,2727,2026-09-08T18:26:58.497+00:00,mixed
Glossy Sparrow,23,6,4,5,2244,2026-09-08T18:27:00.964+00:00,mixed
Glossy Sparrow,24,3,5,5,1711,2026-09-08T18:27:02.896+00:00,mixed
Glossy Sparrow,25,9,4,3,3979,2026-09-08T18:27:07.100+00:00,mixed
Glossy Sparrow,26,8,2,2,1461,2026-09-08T18:27:08.781+00:00,mixed
Glossy Sparrow,27,7,0,1,2510,2026-09-08T18:27:11.593+00:00,mixed
Glossy Sparrow,28,9,1,1,2230,2026-09-08T18:27:13.967+00:00,mixed
Glossy Sparrow,29,4,7,2,1723,2026-09-08T18:27:15.916+00:00,mixed
Glossy Sparrow,30,2,0,2,2645,2026-09-08T18:27:18.782+00:00,mixed
Glossy Sparrow,31,8,1,2,2111,2026-09-08T18:27:21.115+00:00,mixed
Glossy Sparrow,32,8,6,5,2627,2026-09-08T18:27:23.965+00:00,mixed
Glossy Sparrow,33,9,7,5,2344,2026-09-08T18:27:26.530+00:00,mixed
Glossy Sparrow,34,6,9,4,5063,2026-09-08T18:27:31.816+00:00,mixed
Glossy Sparrow,35,6,8,5,2344,2026-09-08T18:27:34.381+00:00,mixed
Glossy Sparrow,36,3,6,4,2660,2026-09-08T18:27:37.294+00:00,mixed
Glossy Sparrow,37,8,5,4,3694,2026-09-08T18:27:41.180+00:00,mixed
Glossy Sparrow,38,7,4,3,3044,2026-09-08T18:27:44.449+00:00,mixed
Glossy Sparrow,39,9,0,1,1262,2026-09-08T18:27:45.934+00:00,mixed
Glossy Sparrow,40,1,4,5,2344,2026-09-08T18:27:48.500+00:00,mixed
Glossy Sparrow,41,4,1,5,1644,2026-09-08T18:27:50.393+00:00,mixed
Glossy Sparrow,42,5,2,5,4292,2026-09-08T18:27:54.881+00:00,mixed
Glossy Sparrow,43,1,8,2,1261,2026-09-08T18:27:56.368+00:00,mixed
Glossy Sparrow,44,0,8,1,1094,2026-09-08T18:27:57.733+00:00,mixed
Glossy Sparrow,45,6,0,2,2494,2026-09-08T18:28:00.398+00:00,mixed
Glossy Sparrow,46,1,2,6,2061,2026-09-08T18:28:02.680+00:00,mixed
Glossy Sparrow,47,7,6,6,1928,2026-09-08T18:28:04.830+00:00,mixed
Glossy Sparrow,48,7,2,6,2644,2026-09-08T18:28:07.703+00:00,mixed
Glossy Sparrow,49,2,8,2,4494,2026-09-08T18:28:12.428+00:00,mixed
Glossy Sparrow,50,0,5,2,3012,2026-09-08T18:28:15.647+00:00,mixed
Glossy Sparrow,51,0,6,2,894,2026-09-08T18:28:16.765+00:00,mixed
Glossy Sparrow,52,7,1,2,2794,2026-09-08T18:28:19.781+00:00,mixed
Glossy Sparrow,53,4,5,7,3544,2026-09-08T18:28:23.548+00:00,mixed
Glossy Sparrow,54,2,5,5,2128,2026-09-08T18:28:25.897+00:00,mixed
Glossy Sparrow,55,9,5,3,2811,2026-09-08T18:28:28.932+00:00,mixed
Glossy Sparrow,56,6,2,3,1995,2026-09-08T18:28:31.147+00:00,mixed
Glossy Sparrow,57,0,9,1,1209,2026-09-08T18:28:32.580+00:00,mixed
Glossy Sparrow,58,5,1,3,1228,2026-09-08T18:28:34.031+00:00,mixed
Glossy Sparrow,59,5,8,4,2194,2026-09-08T18:28:36.449+00:00,mixed
Glossy Sparrow,60,0,4,2,1311,2026-09-08T18:28:37.980+00:00,mixed
Glossy Sparrow,61,1,6,2,3894,2026-09-08T18:28:42.098+00:00,mixed
Glossy Sparrow,62,8,3,2,1044,2026-09-08T18:28:43.373+00:00,mixed
Glossy Sparrow,63,4,8,3,3042,2026-09-08T18:28:46.630+00:00,mixed
Glossy Sparrow,64,4,2,6,2795,2026-09-08T18:28:49.665+00:00,mixed
Glossy Sparrow,65,0,7,1,2344,2026-09-08T18:28:52.279+00:00,mixed
Glossy Sparrow,66,3,0,2,1128,2026-09-08T18:28:53.564+00:00,mixed
Glossy Sparrow,67,8,4,3,2193,2026-09-08T18:28:55.982+00:00,mixed
Glossy Sparrow,68,0,3,2,1645,2026-09-08T18:28:57.848+00:00,mixed
Glossy Sparrow,69,3,2,6,3310,2026-09-08T18:29:01.381+00:00,mixed
Glossy Sparrow,70,7,8,6,2029,2026-09-08T18:29:03.632+00:00,mixed
Glossy Sparrow,71,2,3,7,1778,2026-09-08T18:29:05.637+00:00,mixed
Glossy Sparrow,72,5,7,5,2263,2026-09-08T18:29:08.115+00:00,mixed
Glossy Sparrow,73,4,6,5,976,2026-09-08T18:29:09.314+00:00,mixed
Glossy Sparrow,74,5,0,2,1544,2026-09-08T18:29:11.157+00:00,mixed
Glossy Sparrow,75,9,3,2,2793,2026-09-08T18:29:14.097+00:00,mixed
Glossy Sparrow,76,2,6,2,1360,2026-09-08T18:29:15.679+00:00,mixed
Glossy Sparrow,77,9,8,7,2812,2026-09-08T18:29:18.716+00:00,mixed
Glossy Sparrow,78,2,1,7,1245,2026-09-08T18:29:20.178+00:00,mixed
Glossy Sparrow,79,3,8,2,1911,2026-09-08T18:29:22.313+00:00,mixed
Glossy Sparrow,80,8,9,7,1662,2026-09-08T18:29:24.280+00:00,mixed
Glossy Sparrow,81,1,3,6,1377,2026-09-08T18:29:25.843+00:00,mixed
Glossy Sparrow,82,3,7,3,1078,2026-09-08T18:29:27.134+00:00,mixed
Glossy Sparrow,83,3,9,2,1577,2026-09-08T18:29:28.898+00:00,mixed
Glossy Sparrow,84,1,5,5,2278,2026-09-08T18:29:31.397+00:00,mixed
Glossy Sparrow,85,2,9,2,2570,2026-09-08T18:29:34.228+00:00,mixed
Glossy Sparrow,86,7,9,6,2601,2026-09-08T18:29:37.015+00:00,mixed
Glossy Sparrow,87,3,1,6,1212,2026-09-08T18:29:38.451+00:00,mixed
Glossy Sparrow,88,5,6,7,1561,2026-09-08T18:29:40.231+00:00,mixed
Glossy Sparrow,89,3,4,7,976,2026-09-08T18:29:41.445+00:00,mixed
Glossy Sparrow,90,7,5,5,2961,2026-09-08T18:29:44.614+00:00,mixed
Hopeful Toucan,1,5,6,5,1458,2026-09-08T18:25:01.448+00:00,shape
Hopeful Toucan,2,1,9,2,1891,2026-09-08T18:25:03.545+00:00,shape
Hopeful Toucan,3,0,1,2,1575,2026-09-08T18:25:05.344+00:00,shape
Hopeful Toucan,4,8,0,5,2194,2026-09-08T18:25:07.768+00:00,shape
Hopeful Toucan,5,0,8,5,1776,2026-09-08T18:25:09.758+00:00,shape
Hopeful Toucan,6,7,1,6,2811,2026-09-08T18:25:12.836+00:00,shape
Hopeful Toucan,7,9,2,3,3676,2026-09-08T18:25:16.764+00:00,shape
Hopeful Toucan,8,2,4,2,2606,2026-09-08T18:25:19.537+00:00,shape
Hopeful Toucan,9,2,9,3,1188,2026-09-08T18:25:20.966+00:00,shape
Hopeful Toucan,10,0,6,5,2528,2026-09-08T18:25:23.706+00:00,shape
Hopeful Toucan,11,4,6,2,2026,2026-09-08T18:25:25.941+00:00,shape
Hopeful Toucan,12,3,4,1,1329,2026-09-08T18:25:27.507+00:00,shape
Hopeful Toucan,13,8,4,1,3846,2026-09-08T18:25:31.584+00:00,shape
Hopeful Toucan,14,1,3,2,2353,2026-09-08T18:25:34.145+00:00,shape
Hopeful Toucan,15,7,8,2,1843,2026-09-08T18:25:36.211+00:00,shape
Hopeful Toucan,16,4,2,2,1943,2026-09-08T18:25:38.379+00:00,shape
Hopeful Toucan,17,3,0,1,1645,2026-09-08T18:25:40.358+00:00,shape
Hopeful Toucan,18,9,4,4,3675,2026-09-08T18:25:44.148+00:00,shape
Hopeful Toucan,19,1,8,1,2725,2026-09-08T18:25:47.175+00:00,shape
Hopeful Toucan,20,7,4,2,1827,2026-09-08T18:25:49.148+00:00,shape
Hopeful Toucan,21,1,7,6,1910,2026-09-08T18:25:51.369+00:00,shape
Hopeful Toucan,22,9,8,3,3276,2026-09-08T18:25:54.776+00:00,shape
Hopeful Toucan,23,6,9,6,1677,2026-09-08T18:25:56.678+00:00,shape
Hopeful Toucan,24,4,9,4,3878,2026-09-08T18:26:00.807+00:00,shape
Hopeful Toucan,25,0,5,2,1476,2026-09-08T18:26:02.479+00:00,shape
Hopeful Toucan,26,5,8,2,1594,2026-09-08T18:26:04.294+00:00,shape
Hopeful Toucan,27,9,6,6,1593,2026-09-08T18:26:06.111+00:00,shape
Hopeful Toucan,28,5,9,2,1294,2026-09-08T18:26:07.625+00:00,shape
Hopeful Toucan,29,2,5,1,1678,2026-09-08T18:26:09.527+00:00,shape
Hopeful Toucan,30,6,5,4,3744,2026-09-08T18:26:13.495+00:00,shape
Hopeful Toucan,31,2,8,3,2025,2026-09-08T18:26:15.742+00:00,shape
Hopeful Toucan,32,1,0,2,1693,2026-09-08T18:26:17.664+00:00,shape
Hopeful Toucan,33,6,3,3,1526,2026-09-08T18:26:19.407+00:00,shape
Hopeful Toucan,34,5,3,2,1678,2026-09-08T18:26:21.313+00:00,shape
Hopeful Toucan,35,3,2,2,1894,2026-09-08T18:26:23.434+00:00,shape
Hopeful Toucan,36,4,7,1,1689,2026-09-08T18:26:25.345+00:00,shape
Hopeful Toucan,37,7,5,1,1227,2026-09-08T18:26:26.794+00:00,shape
Hopeful Toucan,38,7,3,1,1044,2026-09-08T18:26:28.072+00:00,shape
Hopeful Toucan,39,5,4,2,1477,2026-09-08T18:26:29.762+00:00,shape
Hopeful Toucan,40,9,1,2,628,2026-09-08T18:26:30.686+00:00,shape
Hopeful Toucan,41,6,0,1,610,2026-09-08T18:26:31.446+00:00,shape
Hopeful Toucan,42,5,0,1,1642,2026-09-08T18:26:33.314+00:00,shape
Hopeful Toucan,43,3,8,3,1344,2026-09-08T18:26:34.883+00:00,shape
Hopeful Toucan,44,8,1,2,2526,2026-09-08T18:26:37.629+00:00,shape
Hopeful Toucan,45,2,0,2,3494,2026-09-08T18:26:41.343+00:00,shape
Hopeful Toucan,46,6,2,2,1693,2026-09-08T18:26:43.270+00:00,shape
Hopeful Toucan,47,2,7,4,2012,2026-09-08T18:26:45.494+00:00,shape
Hopeful Toucan,48,0,7,1,1209,2026-09-08T18:26:47.067+00:00,shape
Hopeful Toucan,49,3,7,1,1328,2026-09-08T18:26:48.515+00:00,shape
Hopeful Toucan,50,7,2,4,1361,2026-09-08T18:26:50.093+00:00,shape
Hopeful Toucan,51,1,4,2,5495,2026-09-08T18:26:55.874+00:00,shape
Hopeful Toucan,52,0,3,1,1555,2026-09-08T18:26:57.575+00:00,shape
Hopeful Toucan,53,4,3,1,1426,2026-09-08T18:26:59.213+00:00,shape
Hopeful Toucan,54,4,1,1,759,2026-09-08T18:27:00.253+00:00,shape
Hopeful Toucan,55,0,9,5,2411,2026-09-08T18:27:02.874+00:00,shape
Hopeful Toucan,56,3,5,2,2412,2026-09-08T18:27:05.459+00:00,shape
Hopeful Toucan,57,5,7,2,1142,2026-09-08T18:27:06.883+00:00,shape
Hopeful Toucan,58,6,1,2,1411,2026-09-08T18:27:08.460+00:00,shape
Hopeful Toucan,59,3,6,4,2677,2026-09-08T18:27:11.369+00:00,shape
Hopeful Toucan,60,8,3,3,2627,2026-09-08T18:27:14.280+00:00,shape
Hopeful Toucan,61,7,6,3,4016,2026-09-08T18:27:18.477+00:00,shape
Hopeful Toucan,62,5,1,2,1874,2026-09-08T18:27:20.576+00:00,shape
Hopeful Toucan,63,8,7,2,1240,2026-09-08T18:27:22.084+00:00,shape
Hopeful Toucan,64,9,7,2,1592,2026-09-08T18:27:23.845+00:00,shape
Hopeful Toucan,65,1,6,1,1476,2026-09-08T18:27:25.546+00:00,shape
Hopeful Toucan,66,9,5,4,1826,2026-09-08T18:27:27.600+00:00,shape
Hopeful Toucan,67,6,4,3,1826,2026-09-08T18:27:29.649+00:00,shape
Hopeful Toucan,68,4,8,3,1760,2026-09-08T18:27:31.629+00:00,shape
Hopeful Toucan,69,7,9,2,1658,2026-09-08T18:27:33.508+00:00,shape
Hopeful Toucan,70,2,3,2,1111,2026-09-08T18:27:34.844+00:00,shape
Hopeful Toucan,71,0,2,2,1608,2026-09-08T18:27:36.767+00:00,shape
Hopeful Toucan,72,8,9,3,1470,2026-09-08T18:27:38.380+00:00,shape
Hopeful Toucan,73,2,1,2,1758,2026-09-08T18:27:40.443+00:00,shape
Hopeful Toucan,74,6,7,4,2328,2026-09-08T18:27:42.908+00:00,shape
Hopeful Toucan,75,0,4,2,1210,2026-09-08T18:27:44.342+00:00,shape
Hopeful Toucan,76,1,2,2,1911,2026-09-08T18:27:46.475+00:00,shape
Hopeful Toucan,77,6,8,4,1627,2026-09-08T18:27:48.329+00:00,shape
Hopeful Toucan,78,1,5,1,2760,2026-09-08T18:27:51.307+00:00,shape
Hopeful Toucan,79,8,6,4,1810,2026-09-08T18:27:53.344+00:00,shape
Hopeful Toucan,80,8,5,3,1343,2026-09-08T18:27:54.907+00:00,shape
Hopeful Toucan,81,8,2,2,1594,2026-09-08T18:27:56.724+00:00,shape
Hopeful Toucan,82,2,6,3,1677,2026-09-08T18:27:58.625+00:00,shape
Hopeful Toucan,83,4,5,2,1459,2026-09-08T18:28:00.364+00:00,shape
Hopeful Toucan,84,5,2,2,1544,2026-09-08T18:28:02.075+00:00,shape
Hopeful Toucan,85,3,9,2,1410,2026-09-08T18:28:03.708+00:00,shape
Hopeful Toucan,86,9,0,5,1976,2026-09-08T18:28:05.907+00:00,shape
Hopeful Toucan,87,4,0,2,1277,2026-09-08T18:28:07.407+00:00,shape
Hopeful Toucan,88,7,0,1,1428,2026-09-08T18:28:09.059+00:00,shape
Hopeful Toucan,89,9,3,3,2509,2026-09-08T18:28:11.791+00:00,shape
Hopeful Toucan,90,3,1,2,1294,2026-09-08T18:28:13.308+00:00,shape
Humble Dolphin,1,3,5,4,2445,2026-09-08T18:25:15.513+00:00,shape
Humble Dolphin,2,1,4,2,1601,2026-09-08T18:25:17.335+00:00,shape
Humble Dolphin,3,6,8,5,1265,2026-09-08T18:25:18.888+00:00,shape
Humble Dolphin,4,2,1,2,1825,2026-09-08T18:25:20.871+00:00,shape
Humble Dolphin,5,2,0,2,1394,2026-09-08T18:25:22.552+00:00,shape
Humble Dolphin,6,8,4,2,3344,2026-09-08T18:25:26.054+00:00,shape
Humble Dolphin,7,2,4,2,984,2026-09-08T18:25:27.278+00:00,shape
Humble Dolphin,8,1,7,1,1660,2026-09-08T18:25:29.145+00:00,shape
Humble Dolphin,9,5,4,4,2786,2026-09-08T18:25:32.154+00:00,shape
Humble Dolphin,10,9,8,6,1902,2026-09-08T18:25:34.278+00:00,shape
Humble Dolphin,11,7,4,3,1415,2026-09-08T18:25:35.917+00:00,shape
Humble Dolphin,12,3,2,3,1736,2026-09-08T18:25:37.875+00:00,shape
Humble Dolphin,13,6,7,2,3530,2026-09-08T18:25:41.628+00:00,shape
Humble Dolphin,14,8,6,4,2557,2026-09-08T18:25:44.408+00:00,shape
Humble Dolphin,15,2,8,3,1984,2026-09-08T18:25:46.674+00:00,shape
Humble Dolphin,16,9,0,3,214,2026-09-08T18:25:47.050+00:00,shape
Humble Dolphin,17,1,5,3,2942,2026-09-08T18:25:50.217+00:00,shape
Humble Dolphin,18,0,7,2,5330,2026-09-08T18:25:55.770+00:00,shape
Humble Dolphin,19,3,1,5,6735,2026-09-08T18:26:02.729+00:00,shape
Humble Dolphin,20,0,8,6,2707,2026-09-08T18:26:05.658+00:00,shape
Humble Dolphin,21,6,4,3,3236,2026-09-08T18:26:09.121+00:00,shape
Humble Dolphin,22,9,5,5,2160,2026-09-08T18:26:11.500+00:00,shape
Humble Dolphin,23,8,9,6,1711,2026-09-08T18:26:13.433+00:00,shape
Humble Dolphin,24,4,7,3,5755,2026-09-08T18:26:19.412+00:00,shape
Humble Dolphin,25,4,2,2,1403,2026-09-08T18:26:21.037+00:00,shape
Humble Dolphin,26,0,6,6,2647,2026-09-08T18:26:23.909+00:00,shape
Humble Dolphin,27,3,7,3,1339,2026-09-08T18:26:25.473+00:00,shape
Humble Dolphin,28,5,0,2,3086,2026-09-08T18:26:28.778+00:00,shape
Humble Dolphin,29,5,8,3,2611,2026-09-08T18:26:31.612+00:00,shape
Humble Dolphin,30,2,3,3,3144,2026-09-08T18:26:34.979+00:00,shape
Humble Dolphin,31,7,9,2,3786,2026-09-08T18:26:38.993+00:00,shape
Humble Dolphin,32,5,7,2,2326,2026-09-08T18:26:41.538+00:00,shape
Humble Dolphin,33,0,1,1,1668,2026-09-08T18:26:43.428+00:00,shape
Humble Dolphin,34,1,8,1,3041,2026-09-08T18:26:46.693+00:00,shape
Humble Dolphin,35,9,7,1,2101,2026-09-08T18:26:49.071+00:00,shape
Humble Dolphin,36,3,8,4,2690,2026-09-08T18:26:51.929+00:00,shape
Humble Dolphin,37,4,1,4,3298,2026-09-08T18:26:55.449+00:00,shape
Humble Dolphin,38,5,2,3,10428,2026-09-08T18:27:06.099+00:00,shape
Humble Dolphin,39,0,2,4,2634,2026-09-08T18:27:09.013+00:00,shape
Humble Dolphin,40,5,9,3,2904,2026-09-08T18:27:12.347+00:00,shape
Humble Dolphin,41,3,0,5,2093,2026-09-08T18:27:14.448+00:00,shape
Humble Dolphin,42,1,0,1,1944,2026-09-08T18:27:16.566+00:00,shape
Humble Dolphin,43,6,1,1,2214,2026-09-08T18:27:19.006+00:00,shape
Humble Dolphin,44,0,3,5,1718,2026-09-08T18:27:20.945+00:00,shape
Humble Dolphin,45,8,5,4,2144,2026-09-08T18:27:23.312+00:00,shape
Humble Dolphin,46,2,7,1,1861,2026-09-08T18:27:25.397+00:00,shape
Humble Dolphin,47,8,1,1,1126,2026-09-08T18:27:26.748+00:00,shape
Humble Dolphin,48,9,6,6,1731,2026-09-08T18:27:28.700+00:00,shape
Humble Dolphin,49,8,2,4,3524,2026-09-08T18:27:32.447+00:00,shape
Humble Dolphin,50,7,8,1,1748,2026-09-08T18:27:34.415+00:00,shape
Humble Dolphin,51,3,9,6,2003,2026-09-08T18:27:36.641+00:00,shape
Humble Dolphin,52,1,2,1,1891,2026-09-08T18:27:38.753+00:00,shape
Humble Dolphin,53,8,0,6,1276,2026-09-08T18:27:40.254+00:00,shape
Humble Dolphin,54,1,9,1,1335,2026-09-08T18:27:41.811+00:00,shape
Humble Dolphin,55,4,9,1,1702,2026-09-08T18:27:43.737+00:00,shape
Humble Dolphin,56,9,3,6,1893,2026-09-08T18:27:45.854+00:00,shape
Humble Dolphin,57,4,6,1,2794,2026-09-08T18:27:48.872+00:00,shape
Humble Dolphin,58,3,6,5,2119,2026-09-08T18:27:51.215+00:00,shape
Humble Dolphin,59,7,3,2,1525,2026-09-08T18:27:52.961+00:00,shape
Humble Dolphin,60,0,5,3,2353,2026-09-08T18:27:55.538+00:00,shape
Humble Dolphin,61,1,6,1,2526,2026-09-08T18:27:58.296+00:00,shape
Humble Dolphin,62,9,2,4,3262,2026-09-08T18:28:01.770+00:00,shape
Humble Dolphin,63,9,1,2,2210,2026-09-08T18:28:04.204+00:00,shape
Humble Dolphin,64,6,9,7,1823,2026-09-08T18:28:06.246+00:00,shape
Humble Dolphin,65,5,6,4,1833,2026-09-08T18:28:08.303+00:00,shape
Humble Dolphin,66,6,2,3,1912,2026-09-08T18:28:10.438+00:00,shape
Humble Dolphin,67,4,5,2,1662,2026-09-08T18:28:12.321+00:00,shape
Humble Dolphin,68,5,1,1,1472,2026-09-08T18:28:14.042+00:00,shape
Humble Dolphin,69,4,3,1,1435,2026-09-08T18:28:15.674+00:00,shape
Humble Dolphin,70,0,4,1,1037,2026-09-08T18:28:16.935+00:00,shape
Humble Dolphin,71,3,4,1,1242,2026-09-08T18:28:18.399+00:00,shape
Humble Dolphin,72,6,5,3,1798,2026-09-08T18:28:20.420+00:00,shape
Humble Dolphin,73,8,3,6,2168,2026-09-08T18:28:22.811+00:00,shape
Humble Dolphin,74,7,2,1,1361,2026-09-08T18:28:24.395+00:00,shape
Humble Dolphin,75,8,7,1,2453,2026-09-08T18:28:27.137+00:00,shape
Humble Dolphin,76,2,6,3,1869,2026-09-08T18:28:29.234+00:00,shape
Humble Dolphin,77,7,5,5,2648,2026-09-08T18:28:32.036+00:00,shape
Humble Dolphin,78,9,4,1,2018,2026-09-08T18:28:34.274+00:00,shape
Humble Dolphin,79,0,9,5,1894,2026-09-08T18:28:36.390+00:00,shape
Humble Dolphin,80,6,0,4,2228,2026-09-08T18:28:38.839+00:00,shape
Humble Dolphin,81,7,1,2,2995,2026-09-08T18:28:42.055+00:00,shape
Humble Dolphin,82,7,6,1,1621,2026-09-08T18:28:43.922+00:00,shape
Humble Dolphin,83,1,3,1,1143,2026-09-08T18:28:45.272+00:00,shape
Humble Dolphin,84,4,8,1,1059,2026-09-08T18:28:46.552+00:00,shape
Humble Dolphin,85,7,0,1,1511,2026-09-08T18:28:48.282+00:00,shape
Humble Dolphin,86,2,5,2,2261,2026-09-08T18:28:50.768+00:00,shape
Humble Dolphin,87,4,0,1,1178,2026-09-08T18:28:52.164+00:00,shape
Humble Dolphin,88,5,3,1,1785,2026-09-08T18:28:54.173+00:00,shape
Humble Dolphin,89,2,9,3,2945,2026-09-08T18:28:57.342+00:00,shape
Humble Dolphin,90,6,3,6,1536,2026-09-08T18:28:59.138+00:00,shape
Jazzy Urchin,1,1,2,5,1900,2026-09-08T18:25:13.820+00:00,arithmetic
Jazzy Urchin,2,3,2,6,2726,2026-09-08T18:25:16.771+00:00,arithmetic
Jazzy Urchin,3,8,2,3,1929,2026-09-08T18:25:18.922+00:00,arithmetic
Jazzy Urchin,4,0,7,2,1544,2026-09-08T18:25:20.686+00:00,arithmetic
Jazzy Urchin,5,7,2,2,4510,2026-09-08T18:25:25.421+00:00,arithmetic
Jazzy Urchin,6,2,8,4,3076,2026-09-08T18:25:28.719+00:00,arithmetic
Jazzy Urchin,7,2,9,2,1494,2026-09-08T18:25:30.439+00:00,arithmetic
Jazzy Urchin,8,2,6,4,2578,2026-09-08T18:25:33.236+00:00,arithmetic
Jazzy Urchin,9,0,5,3,2961,2026-09-08T18:25:36.420+00:00,arithmetic
Jazzy Urchin,10,1,9,3,1028,2026-09-08T18:25:37.732+00:00,arithmetic
Jazzy Urchin,11,6,2,5,2209,2026-09-08T18:25:40.103+00:00,arithmetic
Jazzy Urchin,12,5,6,5,3828,2026-09-08T18:25:44.158+00:00,arithmetic
Jazzy Urchin,13,5,8,1,3394,2026-09-08T18:25:47.770+00:00,arithmetic
Jazzy Urchin,14,3,4,5,3477,2026-09-08T18:25:51.472+00:00,arithmetic
Jazzy Urchin,15,8,5,1,2377,2026-09-08T18:25:54.071+00:00,arithmetic
Jazzy Urchin,16,0,2,4,1628,2026-09-08T18:25:55.920+00:00,arithmetic
Jazzy Urchin,17,1,5,2,2678,2026-09-08T18:25:58.824+00:00,arithmetic
Jazzy Urchin,18,7,3,1,5309,2026-09-08T18:26:04.353+00:00,arithmetic
Jazzy Urchin,19,1,3,4,4077,2026-09-08T18:26:08.666+00:00,arithmetic
Jazzy Urchin,20,8,9,5,1927,2026-09-08T18:26:10.803+00:00,arithmetic
Jazzy Urchin,21,5,3,2,5093,2026-09-08T18:26:16.121+00:00,arithmetic
Jazzy Urchin,22,6,5,6,2195,2026-09-08T18:26:18.534+00:00,arithmetic
Jazzy Urchin,23,6,1,2,1811,2026-09-08T18:26:20.569+00:00,arithmetic
Jazzy Urchin,24,8,1,2,2227,2026-09-08T18:26:23.019+00:00,arithmetic
Jazzy Urchin,25,6,8,5,3994,2026-09-08T18:26:27.235+00:00,arithmetic
Jazzy Urchin,26,9,7,5,1810,2026-09-08T18:26:29.270+00:00,arithmetic
Jazzy Urchin,27,8,7,6,1878,2026-09-08T18:26:31.371+00:00,arithmetic
Jazzy Urchin,28,4,9,2,1294,2026-09-08T18:26:32.885+00:00,arithmetic
Jazzy Urchin,29,0,4,2,2360,2026-09-08T18:26:35.471+00:00,arithmetic
Jazzy Urchin,30,4,8,6,2411,2026-09-08T18:26:38.102+00:00,arithmetic
Jazzy Urchin,31,4,7,3,1460,2026-09-08T18:26:39.785+00:00,arithmetic
Jazzy Urchin,32,6,9,5,1877,2026-09-08T18:26:41.885+00:00,arithmetic
Jazzy Urchin,33,6,4,5,1677,2026-09-08T18:26:43.800+00:00,arithmetic
Jazzy Urchin,34,5,4,6,1411,2026-09-08T18:26:45.430+00:00,arithmetic
Jazzy Urchin,35,3,5,5,2228,2026-09-08T18:26:47.870+00:00,arithmetic
Jazzy Urchin,36,5,9,5,2727,2026-09-08T18:26:50.822+00:00,arithmetic
Jazzy Urchin,37,7,1,2,11293,2026-09-08T18:27:02.337+00:00,arithmetic
Jazzy Urchin,38,5,0,2,1544,2026-09-08T18:27:04.103+00:00,arithmetic
Jazzy Urchin,39,0,1,5,1345,2026-09-08T18:27:05.672+00:00,arithmetic
Jazzy Urchin,40,0,6,4,1609,2026-09-08T18:27:07.502+00:00,arithmetic
Jazzy Urchin,41,5,1,2,1294,2026-09-08T18:27:09.018+00:00,arithmetic
Jazzy Urchin,42,0,3,2,1477,2026-09-08T18:27:10.720+00:00,arithmetic
Jazzy Urchin,43,8,3,2,910,2026-09-08T18:27:11.852+00:00,arithmetic
Jazzy Urchin,44,6,7,6,1243,2026-09-08T18:27:13.318+00:00,arithmetic
Jazzy Urchin,45,9,0,3,2094,2026-09-08T18:27:15.638+00:00,arithmetic
Jazzy Urchin,46,2,5,2,1193,2026-09-08T18:27:17.055+00:00,arithmetic
Jazzy Urchin,47,4,0,4,1694,2026-09-08T18:27:18.969+00:00,arithmetic
Jazzy Urchin,48,2,1,5,1561,2026-09-08T18:27:20.755+00:00,arithmetic
Jazzy Urchin,49,3,1,3,1860,2026-09-08T18:27:22.835+00:00,arithmetic
Jazzy Urchin,50,2,0,4,1827,2026-09-08T18:27:24.888+00:00,arithmetic
Jazzy Urchin,51,0,9,2,1044,2026-09-08T18:27:26.152+00:00,arithmetic
Jazzy Urchin,52,9,1,5,2061,2026-09-08T18:27:28.435+00:00,arithmetic
Jazzy Urchin,53,9,6,5,1727,2026-09-08T18:27:30.385+00:00,arithmetic
Jazzy Urchin,54,2,3,6,1211,2026-09-08T18:27:31.818+00:00,arithmetic
Jazzy Urchin,55,7,4,2,977,2026-09-08T18:27:33.098+00:00,arithmetic
Jazzy Urchin,56,4,2,2,1311,2026-09-08T18:27:34.553+00:00,arithmetic
Jazzy Urchin,57,7,6,6,1327,2026-09-08T18:27:36.101+00:00,arithmetic
Jazzy Urchin,58,9,2,2,878,2026-09-08T18:27:37.206+00:00,arithmetic
Jazzy Urchin,59,2,7,2,1627,2026-09-08T18:27:39.063+00:00,arithmetic
Jazzy Urchin,60,3,9,6,1461,2026-09-08T18:27:40.735+00:00,arithmetic
Jazzy Urchin,61,5,7,2,2477,2026-09-08T18:27:43.435+00:00,arithmetic
Jazzy Urchin,62,8,6,5,1844,2026-09-08T18:27:45.504+00:00,arithmetic
Jazzy Urchin,63,3,0,4,1660,2026-09-08T18:27:47.384+00:00,arithmetic
Jazzy Urchin,64,7,0,2,1178,2026-09-08T18:27:48.827+00:00,arithmetic
Jazzy Urchin,65,1,7,2,1094,2026-09-08T18:27:50.102+00:00,arithmetic
Jazzy Urchin,66,6,0,5,2893,2026-09-08T18:27:53.218+00:00,arithmetic
Jazzy Urchin,67,3,8,1,1828,2026-09-08T18:27:55.269+00:00,arithmetic
Jazzy Urchin,68,7,9,3,1610,2026-09-08T18:27:57.101+00:00,arithmetic
Jazzy Urchin,69,7,5,5,1662,2026-09-08T18:27:58.985+00:00,arithmetic
Jazzy Urchin,70,4,6,5,3011,2026-09-08T18:28:02.219+00:00,arithmetic
Jazzy Urchin,71,8,4,6,1343,2026-09-08T18:28:03.786+00:00,arithmetic
Jazzy Urchin,72,9,5,3,9343,2026-09-08T18:28:13.351+00:00,arithmetic
Jazzy Urchin,73,4,1,4,1627,2026-09-08T18:28:15.200+00:00,arithmetic
Jazzy Urchin,74,4,3,6,1445,2026-09-08T18:28:16.875+00:00,arithmetic
Jazzy Urchin,75,2,4,6,2060,2026-09-08T18:28:19.151+00:00,arithmetic
Jazzy Urchin,76,7,8,6,1027,2026-09-08T18:28:20.402+00:00,arithmetic
Jazzy Urchin,77,4,5,6,694,2026-09-08T18:28:21.350+00:00,arithmetic
Jazzy Urchin,78,5,2,2,1027,2026-09-08T18:28:22.567+00:00,arithmetic
Jazzy Urchin,79,9,8,5,1395,2026-09-08T18:28:24.186+00:00,arithmetic
Jazzy Urchin,80,0,8,3,1426,2026-09-08T18:28:25.834+00:00,arithmetic
Jazzy Urchin,81,9,3,6,2477,2026-09-08T18:28:28.535+00:00,arithmetic
Jazzy Urchin,82,3,7,2,1560,2026-09-08T18:28:30.318+00:00,arithmetic
Jazzy Urchin,83,8,0,4,4560,2026-09-08T18:28:35.103+00:00,arithmetic
Jazzy Urchin,84,3,6,5,1744,2026-09-08T18:28:37.077+00:00,arithmetic
Jazzy Urchin,85,1,6,3,1544,2026-09-08T18:28:38.836+00:00,arithmetic
Jazzy Urchin,86,1,0,5,1677,2026-09-08T18:28:40.744+00:00,arithmetic
Jazzy Urchin,87,6,3,5,1543,2026-09-08T18:28:42.501+00:00,arithmetic
Jazzy Urchin,88,1,8,2,1845,2026-09-08T18:28:44.568+00:00,arithmetic
Jazzy Urchin,89,1,4,2,2493,2026-09-08T18:28:47.285+00:00,arithmetic
Jazzy Urchin,90,9,4,1,1577,2026-09-08T18:28:49.135+00:00,arithmetic
Quiet Panda,1,3,5,2,1833,2026-09-08T18:25:20.713+00:00,arithmetic
Quiet Panda,2,5,8,1,1528,2026-09-08T18:25:22.529+00:00,arithmetic
Quiet Panda,3,3,9,5,1686,2026-09-08T18:25:24.369+00:00,arithmetic
Quiet Panda,4,5,9,3,2128,2026-09-08T18:25:26.722+00:00,arithmetic
Quiet Panda,5,1,5,2,1744,2026-09-08T18:25:28.688+00:00,arithmetic
Quiet Panda,6,7,5,3,1761,2026-09-08T18:25:30.671+00:00,arithmetic
Quiet Panda,7,3,1,3,1203,2026-09-08T18:25:32.096+00:00,arithmetic
Quiet Panda,8,8,2,6,1336,2026-09-08T18:25:33.651+00:00,arithmetic
Quiet Panda,9,4,8,5,1037,2026-09-08T18:25:34.909+00:00,arithmetic
Quiet Panda,10,7,8,1,1395,2026-09-08T18:25:36.526+00:00,arithmetic
Quiet Panda,11,5,1,2,1203,2026-09-08T18:25:37.950+00:00,arithmetic
Quiet Panda,12,2,1,5,2421,2026-09-08T18:25:40.592+00:00,arithmetic
Quiet Panda,13,9,6,6,1916,2026-09-08T18:25:42.732+00:00,arithmetic
Quiet Panda,14,9,1,2,1282,2026-09-08T18:25:44.236+00:00,arithmetic
Quiet Panda,15,1,6,2,1865,2026-09-08T18:25:46.322+00:00,arithmetic
Quiet Panda,16,4,1,3,1132,2026-09-08T18:25:47.690+00:00,arithmetic
Quiet Panda,17,2,6,2,1303,2026-09-08T18:25:49.269+00:00,arithmetic
Quiet Panda,18,0,9,1,2545,2026-09-08T18:25:51.968+00:00,arithmetic
Quiet Panda,19,0,5,1,912,2026-09-08T18:25:53.102+00:00,arithmetic
Quiet Panda,20,0,8,1,723,2026-09-08T18:25:54.048+00:00,arithmetic
Quiet Panda,21,9,8,2,2878,2026-09-08T18:25:57.147+00:00,arithmetic
Quiet Panda,22,7,0,1,1061,2026-09-08T18:25:58.430+00:00,arithmetic
Quiet Panda,23,7,1,4,1629,2026-09-08T18:26:00.283+00:00,arithmetic
Quiet Panda,24,1,9,4,1169,2026-09-08T18:26:01.676+00:00,arithmetic
Quiet Panda,25,2,3,2,2236,2026-09-08T18:26:04.132+00:00,arithmetic
Quiet Panda,26,0,1,1,1370,2026-09-08T18:26:05.722+00:00,arithmetic
Quiet Panda,27,4,0,1,1100,2026-09-08T18:26:07.094+00:00,arithmetic
Quiet Panda,28,2,4,6,1810,2026-09-08T18:26:09.077+00:00,arithmetic
Quiet Panda,29,6,5,2,1179,2026-09-08T18:26:10.475+00:00,arithmetic
Quiet Panda,30,9,5,2,2707,2026-09-08T18:26:13.408+00:00,arithmetic
Quiet Panda,31,4,7,1,1466,2026-09-08T18:26:15.097+00:00,arithmetic
Quiet Panda,32,9,0,1,903,2026-09-08T18:26:16.217+00:00,arithmetic
Quiet Panda,33,0,3,1,716,2026-09-08T18:26:17.158+00:00,arithmetic
Quiet Panda,34,1,8,2,1312,2026-09-08T18:26:18.689+00:00,arithmetic
Quiet Panda,35,3,7,1,1345,2026-09-08T18:26:20.254+00:00,arithmetic
Quiet Panda,36,1,2,5,1374,2026-09-08T18:26:21.852+00:00,arithmetic
Quiet Panda,37,3,4,1,1219,2026-09-08T18:26:23.347+00:00,arithmetic
Quiet Panda,38,6,9,6,1278,2026-09-08T18:26:24.791+00:00,arithmetic
Quiet Panda,39,0,6,1,1104,2026-09-08T18:26:26.118+00:00,arithmetic
Quiet Panda,40,2,0,1,894,2026-09-08T18:26:27.236+00:00,arithmetic
Quiet Panda,41,2,9,1,1399,2026-09-08T18:26:28.856+00:00,arithmetic
Quiet Panda,42,9,4,3,1487,2026-09-08T18:26:30.565+00:00,arithmetic
Quiet Panda,43,6,0,1,981,2026-09-08T18:26:31.767+00:00,arithmetic
Quiet Panda,44,5,4,2,999,2026-09-08T18:26:32.988+00:00,arithmetic
Quiet Panda,45,5,3,2,1241,2026-09-08T18:26:34.454+00:00,arithmetic
Quiet Panda,46,7,3,2,1086,2026-09-08T18:26:35.763+00:00,arithmetic
Quiet Panda,47,8,9,5,1861,2026-09-08T18:26:37.841+00:00,arithmetic
Quiet Panda,48,9,3,7,1662,2026-09-08T18:26:39.724+00:00,arithmetic
Quiet Panda,49,8,7,2,879,2026-09-08T18:26:40.827+00:00,arithmetic
Quiet Panda,50,5,7,2,878,2026-09-08T18:26:41.926+00:00,arithmetic
Quiet Panda,51,6,4,6,1345,2026-09-08T18:26:43.498+00:00,arithmetic
Quiet Panda,52,0,7,1,1920,2026-09-08T18:26:45.634+00:00,arithmetic
Quiet Panda,53,1,4,1,1028,2026-09-08T18:26:46.945+00:00,arithmetic
Quiet Panda,54,8,1,1,1312,2026-09-08T18:26:48.421+00:00,arithmetic
Quiet Panda,55,1,0,1,1503,2026-09-08T18:26:50.146+00:00,arithmetic
Quiet Panda,56,3,6,6,1385,2026-09-08T18:26:51.751+00:00,arithmetic
Quiet Panda,57,1,7,2,904,2026-09-08T18:26:52.880+00:00,arithmetic
Quiet Panda,58,2,7,2,1129,2026-09-08T18:26:54.287+00:00,arithmetic
Quiet Panda,59,4,5,2,786,2026-09-08T18:26:55.232+00:00,arithmetic
Quiet Panda,60,6,1,1,1254,2026-09-08T18:26:56.712+00:00,arithmetic
Quiet Panda,61,6,2,5,1610,2026-09-08T18:26:58.543+00:00,arithmetic
Quiet Panda,62,3,8,2,995,2026-09-08T18:26:59.759+00:00,arithmetic
Quiet Panda,63,7,6,2,1212,2026-09-08T18:27:01.193+00:00,arithmetic
Quiet Panda,64,7,4,1,1178,2026-09-08T18:27:02.681+00:00,arithmetic
Quiet Panda,65,5,0,1,1028,2026-09-08T18:27:03.844+00:00,arithmetic
Quiet Panda,66,6,7,2,6394,2026-09-08T18:27:10.460+00:00,arithmetic
Quiet Panda,67,6,8,6,1539,2026-09-08T18:27:12.222+00:00,arithmetic
Quiet Panda,68,4,2,7,1419,2026-09-08T18:27:13.863+00:00,arithmetic
Quiet Panda,69,1,3,1,987,2026-09-08T18:27:15.073+00:00,arithmetic
Quiet Panda,70,2,5,2,1415,2026-09-08T18:27:16.711+00:00,arithmetic
Quiet Panda,71,5,6,1,935,2026-09-08T18:27:17.883+00:00,arithmetic
Quiet Panda,72,3,0,1,919,2026-09-08T18:27:19.008+00:00,arithmetic
Quiet Panda,73,4,9,2,1545,2026-09-08T18:27:20.779+00:00,arithmetic
Quiet Panda,74,8,3,1,1211,2026-09-08T18:27:22.213+00:00,arithmetic
Quiet Panda,75,8,4,6,1336,2026-09-08T18:27:23.770+00:00,arithmetic
Quiet Panda,76,8,6,5,1368,2026-09-08T18:27:25.368+00:00,arithmetic
Quiet Panda,77,9,7,2,1453,2026-09-08T18:27:27.034+00:00,arithmetic
Quiet Panda,78,4,6,5,1178,2026-09-08T18:27:28.433+00:00,arithmetic
Quiet Panda,79,6,3,6,1495,2026-09-08T18:27:30.150+00:00,arithmetic
Quiet Panda,80,7,2,2,1128,2026-09-08T18:27:31.520+00:00,arithmetic
Quiet Panda,81,5,2,1,1011,2026-09-08T18:27:32.733+00:00,arithmetic
Quiet Panda,82,9,2,2,1537,2026-09-08T18:27:34.492+00:00,arithmetic
Quiet Panda,83,8,5,1,1145,2026-09-08T18:27:35.865+00:00,arithmetic
Quiet Panda,84,3,2,2,1436,2026-09-08T18:27:37.520+00:00,arithmetic
Quiet Panda,85,2,8,5,1770,2026-09-08T18:27:39.508+00:00,arithmetic
Quiet Panda,86,0,4,1,995,2026-09-08T18:27:40.728+00:00,arithmetic
Quiet Panda,87,7,9,1,1411,2026-09-08T18:27:42.359+00:00,arithmetic
Quiet Panda,88,4,3,2,1270,2026-09-08T18:27:43.854+00:00,arithmetic
Quiet Panda,89,0,2,5,1657,2026-09-08T18:27:45.732+00:00,arithmetic
Quiet Panda,90,8,0,1,1137,2026-09-08T18:27:47.090+00:00,arithmetic
Regal Gecko,1,9,2,2,1937,2026-09-08T18:25:19.552+00:00,shape
Regal Gecko,2,6,0,5,1242,2026-09-08T18:25:21.023+00:00,shape
Regal Gecko,3,5,0,1,2476,2026-09-08T18:25:23.738+00:00,shape
Regal Gecko,4,0,6,3,1612,2026-09-08T18:25:25.571+00:00,shape
Regal Gecko,5,2,0,2,1327,2026-09-08T18:25:27.136+00:00,shape
Regal Gecko,6,7,6,1,1742,2026-09-08T18:25:29.098+00:00,shape
Regal Gecko,7,5,8,3,1331,2026-09-08T18:25:30.665+00:00,shape
Regal Gecko,8,3,4,2,1214,2026-09-08T18:25:32.126+00:00,shape
Regal Gecko,9,0,9,5,1796,2026-09-08T18:25:34.153+00:00,shape
Regal Gecko,10,5,1,1,1781,2026-09-08T18:25:36.172+00:00,shape
Regal Gecko,11,9,1,1,1885,2026-09-08T18:25:38.293+00:00,shape
Regal Gecko,12,2,3,2,1602,2026-09-08T18:25:40.127+00:00,shape
Regal Gecko,13,8,6,4,1347,2026-09-08T18:25:41.696+00:00,shape
Regal Gecko,14,4,1,2,1271,2026-09-08T18:25:43.204+00:00,shape
Regal Gecko,15,1,0,1,1542,2026-09-08T18:25:44.964+00:00,shape
Regal Gecko,16,3,2,2,1467,2026-09-08T18:25:46.652+00:00,shape
Regal Gecko,17,1,5,1,1547,2026-09-08T18:25:48.443+00:00,shape
Regal Gecko,18,7,4,1,1816,2026-09-08T18:25:50.486+00:00,shape
Regal Gecko,19,4,2,1,1304,2026-09-08T18:25:52.020+00:00,shape
Regal Gecko,20,7,5,1,1183,2026-09-08T18:25:53.429+00:00,shape
Regal Gecko,21,2,7,2,1483,2026-09-08T18:25:55.135+00:00,shape
Regal Gecko,22,8,5,1,1350,2026-09-08T18:25:56.734+00:00,shape
Regal Gecko,23,3,8,6,1815,2026-09-08T18:25:58.783+00:00,shape
Regal Gecko,24,5,9,3,1896,2026-09-08T18:26:00.904+00:00,shape
Regal Gecko,25,6,5,4,1901,2026-09-08T18:26:03.041+00:00,shape
Regal Gecko,26,5,4,2,1679,2026-09-08T18:26:04.953+00:00,shape
Regal Gecko,27,4,3,1,1957,2026-09-08T18:26:07.148+00:00,shape
Regal Gecko,28,1,8,1,1313,2026-09-08T18:26:08.692+00:00,shape
Regal Gecko,29,4,7,2,1860,2026-09-08T18:26:10.780+00:00,shape
Regal Gecko,30,7,1,4,1725,2026-09-08T18:26:12.739+00:00,shape
Regal Gecko,31,8,3,6,1428,2026-09-08T18:26:14.405+00:00,shape
Regal Gecko,32,5,6,4,1687,2026-09-08T18:26:16.321+00:00,shape
Regal Gecko,33,8,0,6,1542,2026-09-08T18:26:18.110+00:00,shape
Regal Gecko,34,9,0,6,1048,2026-09-08T18:26:19.389+00:00,shape
Regal Gecko,35,7,9,3,1364,2026-09-08T18:26:20.990+00:00,shape
Regal Gecko,36,3,1,2,1982,2026-09-08T18:26:23.196+00:00,shape
Regal Gecko,37,7,0,1,1500,2026-09-08T18:26:24.938+00:00,shape
Regal Gecko,38,5,7,1,2332,2026-09-08T18:26:27.509+00:00,shape
Regal Gecko,39,0,2,3,2336,2026-09-08T18:26:30.073+00:00,shape
Regal Gecko,40,0,5,2,1631,2026-09-08T18:26:31.922+00:00,shape
Regal Gecko,41,7,8,1,1697,2026-09-08T18:26:33.862+00:00,shape
Regal Gecko,42,3,5,3,1716,2026-09-08T18:26:35.804+00:00,shape
Regal Gecko,43,1,3,1,1316,2026-09-08T18:26:37.339+00:00,shape
Regal Gecko,44,9,3,3,1954,2026-09-08T18:26:39.522+00:00,shape
Regal Gecko,45,2,1,1,1340,2026-09-08T18:26:41.096+00:00,shape
Regal Gecko,46,9,4,2,1570,2026-09-08T18:26:42.895+00:00,shape
Regal Gecko,47,4,6,2,1824,2026-09-08T18:26:44.956+00:00,shape
Regal Gecko,48,1,7,2,213,2026-09-08T18:26:45.396+00:00,shape
Regal Gecko,49,2,8,3,2046,2026-09-08T18:26:47.683+00:00,shape
Regal Gecko,50,2,6,3,1414,2026-09-08T18:26:49.315+00:00,shape
Regal Gecko,51,3,7,2,1016,2026-09-08T18:26:50.600+00:00,shape
Regal Gecko,52,9,8,6,1339,2026-09-08T18:26:52.157+00:00,shape
Regal Gecko,53,3,9,6,1913,2026-09-08T18:26:54.277+00:00,shape
Regal Gecko,54,5,3,5,2510,2026-09-08T18:26:57.033+00:00,shape
Regal Gecko,55,3,6,5,1457,2026-09-08T18:26:58.710+00:00,shape
Regal Gecko,56,3,0,6,1672,2026-09-08T18:27:00.607+00:00,shape
Regal Gecko,57,6,8,6,2403,2026-09-08T18:27:03.237+00:00,shape
Regal Gecko,58,7,3,3,2150,2026-09-08T18:27:05.626+00:00,shape
Regal Gecko,59,6,1,2,2101,2026-09-08T18:27:07.952+00:00,shape
Regal Gecko,60,4,8,1,2392,2026-09-08T18:27:10.588+00:00,shape
Regal Gecko,61,8,9,6,1634,2026-09-08T18:27:12.445+00:00,shape
Regal Gecko,62,2,5,4,1526,2026-09-08T18:27:14.195+00:00,shape
Regal Gecko,63,6,4,2,1587,2026-09-08T18:27:16.010+00:00,shape
Regal Gecko,64,1,4,3,1709,2026-09-08T18:27:17.943+00:00,shape
Regal Gecko,65,5,2,2,1945,2026-09-08T18:27:20.117+00:00,shape
Regal Gecko,66,6,9,5,1525,2026-09-08T18:27:21.878+00:00,shape
Regal Gecko,67,1,2,1,2006,2026-09-08T18:27:24.104+00:00,shape
Regal Gecko,68,0,8,6,1999,2026-09-08T18:27:26.338+00:00,shape
Regal Gecko,69,0,1,1,1466,2026-09-08T18:27:28.019+00:00,shape
Regal Gecko,70,2,4,3,1737,2026-09-08T18:27:29.987+00:00,shape
Regal Gecko,71,6,2,3,1618,2026-09-08T18:27:31.836+00:00,shape
Regal Gecko,72,8,7,1,2383,2026-09-08T18:27:34.458+00:00,shape
Regal Gecko,73,9,5,2,1882,2026-09-08T18:27:36.553+00:00,shape
Regal Gecko,74,0,4,1,1562,2026-09-08T18:27:38.352+00:00,shape
Regal Gecko,75,4,5,2,1440,2026-09-08T18:27:40.038+00:00,shape
Regal Gecko,76,0,7,1,1782,2026-09-08T18:27:42.046+00:00,shape
Regal Gecko,77,1,6,1,1511,2026-09-08T18:27:43.789+00:00,shape
Regal Gecko,78,6,7,1,1765,2026-09-08T18:27:45.790+00:00,shape
Regal Gecko,79,1,9,1,1361,2026-09-08T18:27:47.383+00:00,shape
Regal Gecko,80,4,0,1,2048,2026-09-08T18:27:49.671+00:00,shape
Regal Gecko,81,9,7,3,1670,2026-09-08T18:27:51.572+00:00,shape
Regal Gecko,82,7,2,2,1523,2026-09-08T18:27:53.323+00:00,shape
Regal Gecko,83,8,2,3,1892,2026-09-08T18:27:55.457+00:00,shape
Regal Gecko,84,8,1,1,1478,2026-09-08T18:27:57.153+00:00,shape
Regal Gecko,85,9,6,6,1435,2026-09-08T18:27:58.823+00:00,shape
Regal Gecko,86,6,3,5,2465,2026-09-08T18:28:01.513+00:00,shape
Regal Gecko,87,2,9,4,1786,2026-09-08T18:28:03.520+00:00,shape
Regal Gecko,88,4,9,2,2220,2026-09-08T18:28:05.979+00:00,shape
Regal Gecko,89,8,4,1,1642,2026-09-08T18:28:07.843+00:00,shape
Regal Gecko,90,0,3,3,1894,2026-09-08T18:28:09.960+00:00,shape
Snazzy Wombat,1,8,1,1,3891,2026-09-08T18:25:13.057+00:00,magnitude
Snazzy Wombat,2,1,8,1,5124,2026-09-08T18:25:18.323+00:00,magnitude
Snazzy Wombat,3,5,7,4,2879,2026-09-08T18:25:21.421+00:00,magnitude
Snazzy Wombat,4,7,1,6,3453,2026-09-08T18:25:25.106+00:00,magnitude
Snazzy Wombat,5,9,7,4,2991,2026-09-08T18:25:28.328+00:00,magnitude
Snazzy Wombat,6,6,1,1,3357,2026-09-08T18:25:31.915+00:00,magnitude
Snazzy Wombat,7,5,8,1,3356,2026-09-08T18:25:35.507+00:00,magnitude
Snazzy Wombat,8,8,0,5,3488,2026-09-08T18:25:39.213+00:00,magnitude
Snazzy Wombat,9,6,3,3,3547,2026-09-08T18:25:42.983+00:00,magnitude
Snazzy Wombat,10,2,3,4,2881,2026-09-08T18:25:46.099+00:00,magnitude
Snazzy Wombat,11,5,1,3,2997,2026-09-08T18:25:49.324+00:00,magnitude
Snazzy Wombat,12,7,0,1,3241,2026-09-08T18:25:52.797+00:00,magnitude
Snazzy Wombat,13,4,0,3,4014,2026-09-08T18:25:57.040+00:00,magnitude
Snazzy Wombat,14,8,9,4,3584,2026-09-08T18:26:00.849+00:00,magnitude
Snazzy Wombat,15,0,8,5,3077,2026-09-08T18:26:04.165+00:00,magnitude
Snazzy Wombat,16,7,9,4,4844,2026-09-08T18:26:09.246+00:00,magnitude
Snazzy Wombat,17,9,0,2,3321,2026-09-08T18:26:12.795+00:00,magnitude
Snazzy Wombat,18,5,6,4,2053,2026-09-08T18:26:15.162+00:00,magnitude
Snazzy Wombat,19,3,1,3,3241,2026-09-08T18:26:18.559+00:00,magnitude
Snazzy Wombat,20,1,5,2,5282,2026-09-08T18:26:24.070+00:00,magnitude
Snazzy Wombat,21,7,4,2,6425,2026-09-08T18:26:30.720+00:00,magnitude
Snazzy Wombat,22,5,2,2,1632,2026-09-08T18:26:32.578+00:00,magnitude
Snazzy Wombat,23,8,7,5,1978,2026-09-08T18:26:34.789+00:00,magnitude
Snazzy Wombat,24,2,1,6,2318,2026-09-08T18:26:37.338+00:00,magnitude
Snazzy Wombat,25,0,9,3,6278,2026-09-08T18:26:43.838+00:00,magnitude
Snazzy Wombat,26,7,8,5,2086,2026-09-08T18:26:46.163+00:00,magnitude
Snazzy Wombat,27,9,6,6,4700,2026-09-08T18:26:51.076+00:00,magnitude
Snazzy Wombat,28,3,4,4,3027,2026-09-08T18:26:54.333+00:00,magnitude
Snazzy Wombat,29,5,4,5,5870,2026-09-08T18:27:00.428+00:00,magnitude
Snazzy Wombat,30,3,2,5,2325,2026-09-08T18:27:02.979+00:00,magnitude
Snazzy Wombat,31,9,3,3,2031,2026-09-08T18:27:05.236+00:00,magnitude
Snazzy Wombat,32,6,2,2,7102,2026-09-08T18:27:12.577+00:00,magnitude
Snazzy Wombat,33,6,7,4,2012,2026-09-08T18:27:14.825+00:00,magnitude
Snazzy Wombat,34,0,5,2,2069,2026-09-08T18:27:17.126+00:00,magnitude
Snazzy Wombat,35,4,3,5,2061,2026-09-08T18:27:20.039+00:00,magnitude
Snazzy Wombat,36,0,3,3,1753,2026-09-08T18:27:21.408+00:00,magnitude
Snazzy Wombat,37,8,6,3,3463,2026-09-08T18:27:25.096+00:00,magnitude
Snazzy Wombat,38,5,9,3,1869,2026-09-08T18:27:27.194+00:00,magnitude
Snazzy Wombat,39,9,8,5,1685,2026-09-08T18:27:29.114+00:00,magnitude
Snazzy Wombat,40,7,6,5,1455,2026-09-08T18:27:30.796+00:00,magnitude
Snazzy Wombat,41,5,0,1,3278,2026-09-08T18:27:34.319+00:00,magnitude
Snazzy Wombat,42,2,6,2,3298,2026-09-08T18:27:37.848+00:00,magnitude
Snazzy Wombat,43,1,2,6,2333,2026-09-08T18:27:40.418+00:00,magnitude
Snazzy Wombat,44,9,1,2,1859,2026-09-08T18:27:42.505+00:00,magnitude
Snazzy Wombat,45,8,2,2,3504,2026-09-08T18:27:46.228+00:00,magnitude
Snazzy Wombat,46,4,7,1,3925,2026-09-08T18:27:50.398+00:00,magnitude
Snazzy Wombat,47,1,9,2,3869,2026-09-08T18:27:54.491+00:00,magnitude
Snazzy Wombat,48,6,5,5,2052,2026-09-08T18:27:56.768+00:00,magnitude
Snazzy Wombat,49,3,8,2,4323,2026-09-08T18:28:01.321+00:00,magnitude
Snazzy Wombat,50,1,7,4,3328,2026-09-08T18:28:04.883+00:00,magnitude
Snazzy Wombat,51,3,7,3,1942,2026-09-08T18:28:07.051+00:00,magnitude
Snazzy Wombat,52,6,8,2,3761,2026-09-08T18:28:11.046+00:00,magnitude
Snazzy Wombat,53,4,6,3,2274,2026-09-08T18:28:13.553+00:00,magnitude
Snazzy Wombat,54,3,6,3,2232,2026-09-08T18:28:16.482+00:00,magnitude
Snazzy Wombat,55,5,3,2,2613,2026-09-08T18:28:18.862+00:00,magnitude
Snazzy Wombat,56,4,8,2,1606,2026-09-08T18:28:20.695+00:00,magnitude
Snazzy Wombat,57,0,6,4,2014,2026-09-08T18:28:22.952+00:00,magnitude
Snazzy Wombat,58,1,0,6,2553,2026-09-08T18:28:25.744+00:00,magnitude
Snazzy Wombat,59,0,1,6,1246,2026-09-08T18:28:27.219+00:00,magnitude
Snazzy Wombat,60,6,0,2,2148,2026-09-08T18:28:29.596+00:00,magnitude
Snazzy Wombat,61,2,8,2,1989,2026-09-08T18:28:31.817+00:00,magnitude
Snazzy Wombat,62,8,3,3,1855,2026-09-08T18:28:33.903+00:00,magnitude
Snazzy Wombat,63,1,6,1,2721,2026-09-08T18:28:36.851+00:00,magnitude
Snazzy Wombat,64,3,5,2,2788,2026-09-08T18:28:39.861+00:00,magnitude
Snazzy Wombat,65,6,4,3,2488,2026-09-08T18:28:42.587+00:00,magnitude
Snazzy Wombat,66,8,5,2,1427,2026-09-08T18:28:44.245+00:00,magnitude
Snazzy Wombat,67,4,2,4,2284,2026-09-08T18:28:46.756+00:00,magnitude
Snazzy Wombat,68,4,1,2,2067,2026-09-08T18:28:49.048+00:00,magnitude
Snazzy Wombat,69,7,3,2,5418,2026-09-08T18:28:54.696+00:00,magnitude
Snazzy Wombat,70,9,5,2,2883,2026-09-08T18:28:57.808+00:00,magnitude
Snazzy Wombat,71,8,4,2,1682,2026-09-08T18:28:59.721+00:00,magnitude
Snazzy Wombat,72,4,9,2,2566,2026-09-08T18:29:02.985+00:00,magnitude
Snazzy Wombat,73,0,4,3,2898,2026-09-08T18:29:05.646+00:00,magnitude
Snazzy Wombat,74,2,0,4,2816,2026-09-08T18:29:08.692+00:00,magnitude
Snazzy Wombat,75,6,9,6,1706,2026-09-08T18:29:10.620+00:00,magnitude
Snazzy Wombat,76,9,4,1,4469,2026-09-08T18:29:15.315+00:00,magnitude
Snazzy Wombat,77,7,5,4,2294,2026-09-08T18:29:17.845+00:00,magnitude
Snazzy Wombat,78,0,2,5,2285,2026-09-08T18:29:20.358+00:00,magnitude
Snazzy Wombat,79,2,7,2,2903,2026-09-08T18:29:23.490+00:00,magnitude
Snazzy Wombat,80,9,2,1,3167,2026-09-08T18:29:26.888+00:00,magnitude
Snazzy Wombat,81,4,5,6,1811,2026-09-08T18:29:28.933+00:00,magnitude
Snazzy Wombat,82,1,4,2,1811,2026-09-08T18:29:30.974+00:00,magnitude
Snazzy Wombat,83,2,5,4,2467,2026-09-08T18:29:33.664+00:00,magnitude
Snazzy Wombat,84,2,4,3,1704,2026-09-08T18:29:35.590+00:00,magnitude
Snazzy Wombat,85,3,0,2,2175,2026-09-08T18:29:38.002+00:00,magnitude
Snazzy Wombat,86,1,3,2,1960,2026-09-08T18:29:40.194+00:00,magnitude
Snazzy Wombat,87,3,9,3,3669,2026-09-08T18:29:44.092+00:00,magnitude
Snazzy Wombat,88,2,9,1,1687,2026-09-08T18:29:46.005+00:00,magnitude
Snazzy Wombat,89,0,7,1,2026,2026-09-08T18:29:48.258+00:00,magnitude
Snazzy Wombat,90,7,2,3,2488,2026-09-08T18:29:50.983+00:00,magnitude
Tasty Narwhal,1,5,1,2,1799,2026-09-08T18:25:20.060+00:00,shape
Tasty Narwhal,2,2,9,3,3427,2026-09-08T18:25:23.712+00:00,shape
Tasty Narwhal,3,9,1,1,2359,2026-09-08T18:25:26.294+00:00,shape
Tasty Narwhal,4,7,3,2,2294,2026-09-08T18:25:28.813+00:00,shape
Tasty Narwhal,5,6,3,4,4111,2026-09-08T18:25:33.143+00:00,shape
Tasty Narwhal,6,5,4,2,3810,2026-09-08T18:25:37.206+00:00,shape
Tasty Narwhal,7,3,6,4,2061,2026-09-08T18:25:39.459+00:00,shape
Tasty Narwhal,8,2,4,2,4060,2026-09-08T18:25:43.743+00:00,shape
Tasty Narwhal,9,9,0,6,4260,2026-09-08T18:25:48.229+00:00,shape
Tasty Narwhal,10,4,6,2,3727,2026-09-08T18:25:52.183+00:00,shape
Tasty Narwhal,11,8,4,1,2126,2026-09-08T18:25:54.524+00:00,shape
Tasty Narwhal,12,8,6,4,3861,2026-09-08T18:25:58.613+00:00,shape
Tasty Narwhal,13,0,7,2,3144,2026-09-08T18:26:01.979+00:00,shape
Tasty Narwhal,14,7,2,2,3560,2026-09-08T18:26:05.760+00:00,shape
Tasty Narwhal,15,3,2,3,2094,2026-09-08T18:26:08.144+00:00,shape
Tasty Narwhal,16,6,5,6,4728,2026-09-08T18:26:13.028+00:00,shape
Tasty Narwhal,17,4,8,2,2277,2026-09-08T18:26:15.527+00:00,shape
Tasty Narwhal,18,6,1,1,1561,2026-09-08T18:26:17.311+00:00,shape
Tasty Narwhal,19,3,8,7,2478,2026-09-08T18:26:20.009+00:00,shape
Tasty Narwhal,20,6,9,7,2261,2026-09-08T18:26:22.492+00:00,shape
Tasty Narwhal,21,5,9,3,4160,2026-09-08T18:26:26.877+00:00,shape
Tasty Narwhal,22,4,1,5,4712,2026-09-08T18:26:31.809+00:00,shape
Tasty Narwhal,23,1,0,1,2295,2026-09-08T18:26:34.362+00:00,shape
Tasty Narwhal,24,1,3,2,4343,2026-09-08T18:26:38.893+00:00,shape
Tasty Narwhal,25,7,9,2,2194,2026-09-08T18:26:41.306+00:00,shape
Tasty Narwhal,26,0,6,5,3212,2026-09-08T18:26:44.746+00:00,shape
Tasty Narwhal,27,3,4,2,3427,2026-09-08T18:26:48.392+00:00,shape
Tasty Narwhal,28,3,1,1,2094,2026-09-08T18:26:50.711+00:00,shape
Tasty Narwhal,29,4,2,2,4795,2026-09-08T18:26:55.726+00:00,shape
Tasty Narwhal,30,5,7,3,2860,2026-09-08T18:26:58.813+00:00,shape
Tasty Narwhal,31,6,0,6,2027,2026-09-08T18:27:01.103+00:00,shape
Tasty Narwhal,32,9,6,7,1527,2026-09-08T18:27:02.808+00:00,shape
Tasty Narwhal,33,1,9,1,1527,2026-09-08T18:27:04.558+00:00,shape
Tasty Narwhal,34,8,5,4,3178,2026-09-08T18:27:07.962+00:00,shape
Tasty Narwhal,35,4,3,2,2126,2026-09-08T18:27:10.308+00:00,shape
Tasty Narwhal,36,8,7,2,1928,2026-09-08T18:27:12.461+00:00,shape
Tasty Narwhal,37,1,2,2,2760,2026-09-08T18:27:15.442+00:00,shape
Tasty Narwhal,38,0,5,3,2761,2026-09-08T18:27:18.428+00:00,shape
Tasty Narwhal,39,5,8,4,2262,2026-09-08T18:27:20.910+00:00,shape
Tasty Narwhal,40,1,4,6,3209,2026-09-08T18:27:24.343+00:00,shape
Tasty Narwhal,41,1,8,1,2044,2026-09-08T18:27:26.608+00:00,shape
Tasty Narwhal,42,3,5,4,2477,2026-09-08T18:27:29.309+00:00,shape
Tasty Narwhal,43,4,7,3,4311,2026-09-08T18:27:33.842+00:00,shape
Tasty Narwhal,44,8,3,6,1660,2026-09-08T18:27:35.723+00:00,shape
Tasty Narwhal,45,5,2,3,2961,2026-09-08T18:27:38.908+00:00,shape
Tasty Narwhal,46,7,8,2,2294,2026-09-08T18:27:41.489+00:00,shape
Tasty Narwhal,47,4,0,2,2745,2026-09-08T18:27:44.395+00:00,shape
Tasty Narwhal,48,6,2,3,2494,2026-09-08T18:27:47.109+00:00,shape
Tasty Narwhal,49,6,7,2,2710,2026-09-08T18:27:50.044+00:00,shape
Tasty Narwhal,50,8,1,1,1627,2026-09-08T18:27:51.975+00:00,shape
Tasty Narwhal,51,7,4,4,2445,2026-09-08T18:27:54.589+00:00,shape
Tasty Narwhal,52,9,7,2,2011,2026-09-08T18:27:56.792+00:00,shape
Tasty Narwhal,53,8,0,5,2179,2026-09-08T18:27:59.192+00:00,shape
Tasty Narwhal,54,8,9,5,1827,2026-09-08T18:28:01.243+00:00,shape
Tasty Narwhal,55,7,0,1,2944,2026-09-08T18:28:04.408+00:00,shape
Tasty Narwhal,56,9,4,4,3728,2026-09-08T18:28:08.363+00:00,shape
Tasty Narwhal,57,1,5,2,2761,2026-09-08T18:28:11.387+00:00,shape
Tasty Narwhal,58,1,7,4,3177,2026-09-08T18:28:14.740+00:00,shape
Tasty Narwhal,59,2,3,4,2777,2026-09-08T18:28:17.741+00:00,shape
Tasty Narwhal,60,9,3,5,2261,2026-09-08T18:28:20.300+00:00,shape
Tasty Narwhal,61,2,0,4,2077,2026-09-08T18:28:22.526+00:00,shape
Tasty Narwhal,62,9,2,4,1778,2026-09-08T18:28:24.525+00:00,shape
Tasty Narwhal,63,7,5,3,3378,2026-09-08T18:28:28.162+00:00,shape
Tasty Narwhal,64,5,3,4,1978,2026-09-08T18:28:30.326+00:00,shape
Tasty Narwhal,65,6,4,2,2793,2026-09-08T18:28:33.401+00:00,shape
Tasty Narwhal,66,5,0,4,3645,2026-09-08T18:28:37.210+00:00,shape
Tasty Narwhal,67,2,7,4,3177,2026-09-08T18:28:40.611+00:00,shape
Tasty Narwhal,68,8,2,4,2393,2026-09-08T18:28:43.224+00:00,shape
Tasty Narwhal,69,7,6,2,1828,2026-09-08T18:28:45.274+00:00,shape
Tasty Narwhal,70,4,5,2,2411,2026-09-08T18:28:47.909+00:00,shape
Tasty Narwhal,71,2,5,3,2693,2026-09-08T18:28:50.824+00:00,shape
Tasty Narwhal,72,5,6,6,2894,2026-09-08T18:28:53.942+00:00,shape
Tasty Narwhal,73,2,1,1,1927,2026-09-08T18:28:56.093+00:00,shape
Tasty Narwhal,74,9,8,6,1744,2026-09-08T18:28:58.061+00:00,shape
Tasty Narwhal,75,1,6,1,1643,2026-09-08T18:28:59.924+00:00,shape
Tasty Narwhal,76,0,9,6,3095,2026-09-08T18:29:03.301+00:00,shape
Tasty Narwhal,77,0,1,1,1428,2026-09-08T18:29:04.891+00:00,shape
Tasty Narwhal,78,7,1,5,1744,2026-09-08T18:29:06.857+00:00,shape
Tasty Narwhal,79,6,8,5,2527,2026-09-08T18:29:09.610+00:00,shape
Tasty Narwhal,80,3,0,5,1677,2026-09-08T18:29:11.507+00:00,shape
Tasty Narwhal,81,0,2,4,1760,2026-09-08T18:29:13.496+00:00,shape
Tasty Narwhal,82,0,8,4,2045,2026-09-08T18:29:15.757+00:00,shape
Tasty Narwhal,83,3,9,4,1943,2026-09-08T18:29:17.982+00:00,shape
Tasty Narwhal,84,0,3,4,1610,2026-09-08T18:29:19.757+00:00,shape
Tasty Narwhal,85,3,7,2,1826,2026-09-08T18:29:21.808+00:00,shape
Tasty Narwhal,86,2,8,3,2294,2026-09-08T18:29:24.326+00:00,shape
Tasty Narwhal,87,9,5,3,2527,2026-09-08T18:29:27.100+00:00,shape
Tasty Narwhal,88,0,4,2,1511,2026-09-08T18:29:28.896+00:00,shape
Tasty Narwhal,89,4,9,1,2377,2026-09-08T18:29:31.463+00:00,shape
Tasty Narwhal,90,2,6,3,2577,2026-09-08T18:29:34.231+00:00,shape
Tasty Octopus,1,9,1,5,2946,2026-09-08T18:24:54.044+00:00,mixed
Tasty Octopus,2,1,5,2,2560,2026-09-08T18:24:56.827+00:00,mixed
Tasty Octopus,3,0,9,6,1709,2026-09-08T18:24:58.757+00:00,mixed
Tasty Octopus,4,5,2,1,1995,2026-09-08T18:25:00.972+00:00,mixed
Tasty Octopus,5,9,6,7,1195,2026-09-08T18:25:02.402+00:00,mixed
Tasty Octopus,6,4,3,5,2476,2026-09-08T18:25:05.092+00:00,mixed
Tasty Octopus,7,4,8,5,1779,2026-09-08T18:25:07.095+00:00,mixed
Tasty Octopus,8,3,7,3,5242,2026-09-08T18:25:12.557+00:00,mixed
Tasty Octopus,9,9,2,1,1478,2026-09-08T18:25:14.258+00:00,mixed
Tasty Octopus,10,9,3,5,2543,2026-09-08T18:25:17.023+00:00,mixed
Tasty Octopus,11,2,1,6,2013,2026-09-08T18:25:19.380+00:00,mixed
Tasty Octopus,12,4,6,3,2061,2026-09-08T18:25:21.541+00:00,mixed
Tasty Octopus,13,1,6,2,1644,2026-09-08T18:25:23.407+00:00,mixed
Tasty Octopus,14,1,2,6,2961,2026-09-08T18:25:26.720+00:00,mixed
Tasty Octopus,15,6,8,6,1741,2026-09-08T18:25:28.555+00:00,mixed
Tasty Octopus,16,0,5,2,1931,2026-09-08T18:25:30.723+00:00,mixed
Tasty Octopus,17,3,5,5,2644,2026-09-08T18:25:33.577+00:00,mixed
Tasty Octopus,18,8,1,5,427,2026-09-08T18:25:34.256+00:00,mixed
Tasty Octopus,19,6,4,5,3075,2026-09-08T18:25:37.735+00:00,mixed
Tasty Octopus,20,7,5,3,2398,2026-09-08T18:25:40.166+00:00,mixed
Tasty Octopus,21,3,9,6,1543,2026-09-08T18:25:41.930+00:00,mixed
Tasty Octopus,22,8,0,5,2244,2026-09-08T18:25:44.379+00:00,mixed
Tasty Octopus,23,8,3,2,1428,2026-09-08T18:25:46.124+00:00,mixed
Tasty Octopus,24,0,1,6,2260,2026-09-08T18:25:48.521+00:00,mixed
Tasty Octopus,25,0,8,5,2029,2026-09-08T18:25:50.843+00:00,mixed
Tasty Octopus,26,1,3,2,2376,2026-09-08T18:25:53.358+00:00,mixed
Tasty Octopus,27,8,4,6,1876,2026-09-08T18:25:55.470+00:00,mixed
Tasty Octopus,28,5,7,5,1411,2026-09-08T18:25:57.325+00:00,mixed
Tasty Octopus,29,8,2,4,1831,2026-09-08T18:25:59.234+00:00,mixed
Tasty Octopus,30,6,5,5,2042,2026-09-08T18:26:01.409+00:00,mixed
Tasty Octopus,31,9,0,7,1776,2026-09-08T18:26:03.425+00:00,mixed
Tasty Octopus,32,5,8,1,4526,2026-09-08T18:26:08.157+00:00,mixed
Tasty Octopus,33,0,4,5,1796,2026-09-08T18:26:10.242+00:00,mixed
Tasty Octopus,34,6,0,5,2077,2026-09-08T18:26:12.476+00:00,mixed
Tasty Octopus,35,2,0,5,397,2026-09-08T18:26:13.096+00:00,mixed
Tasty Octopus,36,3,6,6,2174,2026-09-08T18:26:15.519+00:00,mixed
Tasty Octopus,37,9,7,2,2711,2026-09-08T18:26:18.500+00:00,mixed
Tasty Octopus,38,8,9,5,1610,2026-09-08T18:26:20.259+00:00,mixed
Tasty Octopus,39,4,0,5,3743,2026-09-08T18:26:24.226+00:00,mixed
Tasty Octopus,40,9,8,6,1295,2026-09-08T18:26:25.742+00:00,mixed
Tasty Octopus,41,2,8,3,1493,2026-09-08T18:26:27.545+00:00,mixed
Tasty Octopus,42,0,3,1,3761,2026-09-08T18:26:31.440+00:00,mixed
Tasty Octopus,43,4,9,1,1812,2026-09-08T18:26:33.473+00:00,mixed
Tasty Octopus,44,5,3,3,2383,2026-09-08T18:26:36.080+00:00,mixed
Tasty Octopus,45,2,9,2,2006,2026-09-08T18:26:38.309+00:00,mixed
Tasty Octopus,46,1,4,1,1428,2026-09-08T18:26:39.962+00:00,mixed
Tasty Octopus,47,1,7,2,1261,2026-09-08T18:26:41.440+00:00,mixed
Tasty Octopus,48,8,5,2,1327,2026-09-08T18:26:42.990+00:00,mixed
Tasty Octopus,49,8,7,2,2044,2026-09-08T18:26:45.372+00:00,mixed
Tasty Octopus,50,1,9,5,1529,2026-09-08T18:26:47.010+00:00,mixed
Tasty Octopus,51,6,3,6,1578,2026-09-08T18:26:48.810+00:00,mixed
Tasty Octopus,52,6,7,5,6260,2026-09-08T18:26:55.338+00:00,mixed
Tasty Octopus,53,5,4,3,1709,2026-09-08T18:26:57.309+00:00,mixed
Tasty Octopus,54,9,5,5,1678,2026-09-08T18:26:59.127+00:00,mixed
Tasty Octopus,55,1,0,3,5659,2026-09-08T18:27:05.009+00:00,mixed
Tasty Octopus,56,6,1,2,1929,2026-09-08T18:27:07.159+00:00,mixed
Tasty Octopus,57,7,1,1,1144,2026-09-08T18:27:08.526+00:00,mixed
Tasty Octopus,58,7,2,1,1079,2026-09-08T18:27:09.897+00:00,mixed
Tasty Octopus,59,3,8,2,1195,2026-09-08T18:27:11.267+00:00,mixed
Tasty Octopus,60,0,6,4,1360,2026-09-08T18:27:12.827+00:00,mixed
Tasty Octopus,61,9,4,3,1693,2026-09-08T18:27:14.742+00:00,mixed
Tasty Octopus,62,7,3,2,3379,2026-09-08T18:27:18.413+00:00,mixed
Tasty Octopus,63,4,5,3,1293,2026-09-08T18:27:19.987+00:00,mixed
Tasty Octopus,64,2,6,2,1246,2026-09-08T18:27:21.323+00:00,mixed
Tasty Octopus,65,5,0,1,1961,2026-09-08T18:27:23.528+00:00,mixed
Tasty Octopus,66,4,1,5,3195,2026-09-08T18:27:26.925+00:00,mixed
Tasty Octopus,67,5,1,3,961,2026-09-08T18:27:28.109+00:00,mixed
Tasty Octopus,68,3,4,2,1460,2026-09-08T18:27:29.951+00:00,mixed
Tasty Octopus,69,1,8,2,1627,2026-09-08T18:27:31.644+00:00,mixed
Tasty Octopus,70,5,9,2,827,2026-09-08T18:27:32.691+00:00,mixed
Tasty Octopus,71,3,1,1,2529,2026-09-08T18:27:35.442+00:00,mixed
Tasty Octopus,72,7,4,1,2110,2026-09-08T18:27:37.819+00:00,mixed
Tasty Octopus,73,7,0,1,1343,2026-09-08T18:27:39.395+00:00,mixed
Tasty Octopus,74,7,8,1,1029,2026-09-08T18:27:40.629+00:00,mixed
Tasty Octopus,75,0,7,2,1843,2026-09-08T18:27:42.687+00:00,mixed
Tasty Octopus,76,4,7,1,1479,2026-09-08T18:27:44.361+00:00,mixed
Tasty Octopus,77,8,6,5,3875,2026-09-08T18:27:48.457+00:00,mixed
Tasty Octopus,78,7,9,4,1277,2026-09-08T18:27:50.067+00:00,mixed
Tasty Octopus,79,5,6,5,1411,2026-09-08T18:27:51.597+00:00,mixed
Tasty Octopus,80,6,9,5,1328,2026-09-08T18:27:53.142+00:00,mixed
Tasty Octopus,81,4,2,3,3127,2026-09-08T18:27:56.508+00:00,mixed
Tasty Octopus,82,2,3,1,1861,2026-09-08T18:27:58.574+00:00,mixed
Tasty Octopus,83,2,7,1,844,2026-09-08T18:27:59.647+00:00,mixed
Tasty Octopus,84,6,2,2,1179,2026-09-08T18:28:01.043+00:00,mixed
Tasty Octopus,85,2,4,4,1779,2026-09-08T18:28:03.041+00:00,mixed
Tasty Octopus,86,3,2,3,1077,2026-09-08T18:28:04.341+00:00,mixed
Tasty Octopus,87,3,0,2,1812,2026-09-08T18:28:06.377+00:00,mixed
Tasty Octopus,88,2,5,4,1176,2026-09-08T18:28:07.776+00:00,mixed
Tasty Octopus,89,7,6,3,1344,2026-09-08T18:28:09.339+00:00,mixed
Tasty Octopus,90,0,2,4,1462,2026-09-08T18:28:11.023+00:00,mixed
Wily Koala,1,4,0,5,3304,2026-09-08T18:25:07.920+00:00,mixed
Wily Koala,2,4,2,5,1536,2026-09-08T18:25:09.684+00:00,mixed
Wily Koala,3,9,6,6,1535,2026-09-08T18:25:11.435+00:00,mixed
Wily Koala,4,2,1,5,1969,2026-09-08T18:25:13.706+00:00,mixed
Wily Koala,5,9,8,5,3371,2026-09-08T18:25:17.283+00:00,mixed
Wily Koala,6,3,4,6,2764,2026-09-08T18:25:20.206+00:00,mixed
Wily Koala,7,8,6,6,1253,2026-09-08T18:25:21.682+00:00,mixed
Wily Koala,8,8,4,6,1306,2026-09-08T18:25:23.210+00:00,mixed
Wily Koala,9,8,5,2,2353,2026-09-08T18:25:25.785+00:00,mixed
Wily Koala,10,0,4,5,2049,2026-09-08T18:25:28.092+00:00,mixed
Wily Koala,11,7,2,2,2285,2026-09-08T18:25:30.564+00:00,mixed
Wily Koala,12,5,6,5,1441,2026-09-08T18:25:32.227+00:00,mixed
Wily Koala,13,5,0,1,2911,2026-09-08T18:25:35.360+00:00,mixed
Wily Koala,14,3,0,5,1365,2026-09-08T18:25:36.951+00:00,mixed
Wily Koala,15,4,9,6,2345,2026-09-08T18:25:39.515+00:00,mixed
Wily Koala,16,4,5,6,1407,2026-09-08T18:25:41.143+00:00,mixed
Wily Koala,17,1,8,2,1578,2026-09-08T18:25:42.976+00:00,mixed
Wily Koala,18,0,5,2,1306,2026-09-08T18:25:44.543+00:00,mixed
Wily Koala,19,6,8,5,1657,2026-09-08T18:25:46.351+00:00,mixed
Wily Koala,20,4,3,5,1639,2026-09-08T18:25:48.219+00:00,mixed
Wily Koala,21,9,2,1,2654,2026-09-08T18:25:51.090+00:00,mixed
Wily Koala,22,1,0,5,1964,2026-09-08T18:25:53.284+00:00,mixed
Wily Koala,23,2,7,1,2944,2026-09-08T18:25:56.443+00:00,mixed
Wily Koala,24,0,7,1,1545,2026-09-08T18:25:58.212+00:00,mixed
Wily Koala,25,9,1,1,1459,2026-09-08T18:25:59.894+00:00,mixed
Wily Koala,26,7,6,6,2233,2026-09-08T18:26:02.375+00:00,mixed
Wily Koala,27,6,1,2,2762,2026-09-08T18:26:05.331+00:00,mixed
Wily Koala,28,7,1,2,1261,2026-09-08T18:26:06.815+00:00,mixed
Wily Koala,29,3,1,3,2010,2026-09-08T18:26:09.047+00:00,mixed
Wily Koala,30,1,7,2,1741,2026-09-08T18:26:11.010+00:00,mixed
Wily Koala,31,5,1,2,3657,2026-09-08T18:26:14.960+00:00,mixed
Wily Koala,32,3,2,6,1590,2026-09-08T18:26:16.702+00:00,mixed
Wily Koala,33,1,2,6,882,2026-09-08T18:26:17.806+00:00,mixed
Wily Koala,34,3,7,2,1719,2026-09-08T18:26:19.747+00:00,mixed
Wily Koala,35,0,1,6,2316,2026-09-08T18:26:22.302+00:00,mixed
Wily Koala,36,5,4,6,1282,2026-09-08T18:26:23.875+00:00,mixed
Wily Koala,37,2,6,5,1536,2026-09-08T18:26:25.547+00:00,mixed
Wily Koala,38,3,8,3,1594,2026-09-08T18:26:27.366+00:00,mixed
Wily Koala,39,2,8,5,1298,2026-09-08T18:26:28.885+00:00,mixed
Wily Koala,40,7,3,3,2566,2026-09-08T18:26:31.733+00:00,mixed
Wily Koala,41,6,2,5,2595,2026-09-08T18:26:34.492+00:00,mixed
Wily Koala,42,0,8,6,1732,2026-09-08T18:26:36.458+00:00,mixed
Wily Koala,43,2,4,6,2019,2026-09-08T18:26:38.700+00:00,mixed
Wily Koala,44,4,8,6,1001,2026-09-08T18:26:39.910+00:00,mixed
Wily Koala,45,8,9,6,3594,2026-09-08T18:26:43.798+00:00,mixed
Wily Koala,46,4,6,6,1927,2026-09-08T18:26:45.895+00:00,mixed
Wily Koala,47,3,6,6,1461,2026-09-08T18:26:47.564+00:00,mixed
Wily Koala,48,8,1,2,3307,2026-09-08T18:26:51.139+00:00,mixed
Wily Koala,49,0,6,3,1988,2026-09-08T18:26:53.301+00:00,mixed
Wily Koala,50,8,3,2,4820,2026-09-08T18:26:58.344+00:00,mixed
Wily Koala,51,4,1,3,6789,2026-09-08T18:27:05.356+00:00,mixed
Wily Koala,52,8,7,6,1382,2026-09-08T18:27:06.961+00:00,mixed
Wily Koala,53,6,0,6,2806,2026-09-08T18:27:10.029+00:00,mixed
Wily Koala,54,1,5,2,1575,2026-09-08T18:27:11.784+00:00,mixed
Wily Koala,55,0,2,5,1665,2026-09-08T18:27:13.696+00:00,mixed
Wily Koala,56,1,3,5,1124,2026-09-08T18:27:15.022+00:00,mixed
Wily Koala,57,1,6,3,1277,2026-09-08T18:27:16.519+00:00,mixed
Wily Koala,58,8,0,6,1940,2026-09-08T18:27:18.681+00:00,mixed
Wily Koala,59,0,9,6,1178,2026-09-08T18:27:20.081+00:00,mixed
Wily Koala,60,2,5,2,2110,2026-09-08T18:27:22.416+00:00,mixed
Wily Koala,61,5,9,4,3536,2026-09-08T18:27:26.175+00:00,mixed
Wily Koala,62,6,9,5,1816,2026-09-08T18:27:28.210+00:00,mixed
Wily Koala,63,6,3,5,865,2026-09-08T18:27:29.298+00:00,mixed
Wily Koala,64,9,3,5,707,2026-09-08T18:27:30.227+00:00,mixed
Wily Koala,65,9,5,5,1777,2026-09-08T18:27:32.226+00:00,mixed
Wily Koala,66,6,4,6,1353,2026-09-08T18:27:33.802+00:00,mixed
Wily Koala,67,5,8,2,1924,2026-09-08T18:27:35.946+00:00,mixed
Wily Koala,68,3,9,5,1549,2026-09-08T18:27:37.718+00:00,mixed
Wily Koala,69,1,9,1,1311,2026-09-08T18:27:39.250+00:00,mixed
Wily Koala,70,5,2,2,1975,2026-09-08T18:27:41.487+00:00,mixed
Wily Koala,71,7,8,6,1511,2026-09-08T18:27:43.181+00:00,mixed
Wily Koala,72,5,7,5,1856,2026-09-08T18:27:45.259+00:00,mixed
Wily Koala,73,6,7,6,1165,2026-09-08T18:27:46.730+00:00,mixed
Wily Koala,74,8,2,5,1794,2026-09-08T18:27:48.664+00:00,mixed
Wily Koala,75,7,0,3,1390,2026-09-08T18:27:50.276+00:00,mixed
Wily Koala,76,2,0,5,1306,2026-09-08T18:27:51.805+00:00,mixed
Wily Koala,77,6,5,5,1279,2026-09-08T18:27:53.306+00:00,mixed
Wily Koala,78,4,7,5,2602,2026-09-08T18:27:56.170+00:00,mixed
Wily Koala,79,5,3,5,1019,2026-09-08T18:27:57.373+00:00,mixed
Wily Koala,80,7,4,5,1093,2026-09-08T18:27:58.692+00:00,mixed
Wily Koala,81,7,5,5,1373,2026-09-08T18:28:00.361+00:00,mixed
Wily Koala,82,2,3,5,866,2026-09-08T18:28:01.409+00:00,mixed
Wily Koala,83,9,7,5,1022,2026-09-08T18:28:02.620+00:00,mixed
Wily Koala,84,0,3,3,1399,2026-09-08T18:28:04.241+00:00,mixed
Wily Koala,85,7,9,5,1880,2026-09-08T18:28:06.341+00:00,mixed
Wily Koala,86,1,4,3,1271,2026-09-08T18:28:07.836+00:00,mixed
Wily Koala,87,3,5,5,1123,2026-09-08T18:28:09.184+00:00,mixed
Wily Koala,88,2,9,1,1840,2026-09-08T18:28:11.244+00:00,mixed
Wily Koala,89,9,4,3,1895,2026-09-08T18:28:13.360+00:00,mixed
Wily Koala,90,9,0,2,1314,2026-09-08T18:28:14.896+00:00,mixed
Witty Dingo,1,9,6,6,2600,2026-09-08T18:25:27.093+00:00,shape
Witty Dingo,2,4,6,3,1594,2026-09-08T18:25:28.909+00:00,shape
Witty Dingo,3,7,4,1,4094,2026-09-08T18:25:33.225+00:00,shape
Witty Dingo,4,1,5,1,1028,2026-09-08T18:25:34.477+00:00,shape
Witty Dingo,5,9,0,2,2344,2026-09-08T18:25:37.042+00:00,shape
Witty Dingo,6,4,7,1,4044,2026-09-08T18:25:41.311+00:00,shape
Witty Dingo,7,2,7,4,5344,2026-09-08T18:25:46.874+00:00,shape
Witty Dingo,8,7,2,4,2578,2026-09-08T18:25:49.675+00:00,shape
Witty Dingo,9,6,4,2,2544,2026-09-08T18:25:52.444+00:00,shape
Witty Dingo,10,5,2,6,1811,2026-09-08T18:25:54.479+00:00,shape
Witty Dingo,11,9,1,1,1310,2026-09-08T18:25:56.009+00:00,shape
Witty Dingo,12,3,4,1,1160,2026-09-08T18:25:57.393+00:00,shape
Witty Dingo,13,6,7,1,1227,2026-09-08T18:25:58.842+00:00,shape
Witty Dingo,14,3,2,1,961,2026-09-08T18:26:00.025+00:00,shape
Witty Dingo,15,4,8,1,1794,2026-09-08T18:26:02.042+00:00,shape
Witty Dingo,16,3,0,2,3727,2026-09-08T18:26:05.992+00:00,shape
Witty Dingo,17,7,6,1,3261,2026-09-08T18:26:09.475+00:00,shape
Witty Dingo,18,2,3,2,1961,2026-09-08T18:26:11.666+00:00,shape
Witty Dingo,19,4,1,1,1794,2026-09-08T18:26:13.676+00:00,shape
Witty Dingo,20,6,8,4,2661,2026-09-08T18:26:16.559+00:00,shape
Witty Dingo,21,1,7,2,1244,2026-09-08T18:26:18.029+00:00,shape
Witty Dingo,22,1,8,1,1394,2026-09-08T18:26:19.641+00:00,shape
Witty Dingo,23,5,9,5,3595,2026-09-08T18:26:23.461+00:00,shape
Witty Dingo,24,9,7,3,1778,2026-09-08T18:26:25.459+00:00,shape
Witty Dingo,25,9,3,5,1361,2026-09-08T18:26:27.041+00:00,shape
Witty Dingo,26,8,9,5,1561,2026-09-08T18:26:28.825+00:00,shape
Witty Dingo,27,8,0,6,1361,2026-09-08T18:26:30.407+00:00,shape
Witty Dingo,28,6,9,7,1129,2026-09-08T18:26:31.763+00:00,shape
Witty Dingo,29,5,0,1,1961,2026-09-08T18:26:33.942+00:00,shape
Witty Dingo,30,6,3,6,2045,2026-09-08T18:26:36.209+00:00,shape
Witty Dingo,31,8,6,6,994,2026-09-08T18:26:37.425+00:00,shape
Witty Dingo,32,1,6,2,1077,2026-09-08T18:26:38.729+00:00,shape
Witty Dingo,33,7,8,2,1678,2026-09-08T18:26:40.626+00:00,shape
Witty Dingo,34,7,5,1,1010,2026-09-08T18:26:41.859+00:00,shape
Witty Dingo,35,2,9,1,3010,2026-09-08T18:26:45.093+00:00,shape
Witty Dingo,36,3,5,2,1977,2026-09-08T18:26:47.292+00:00,shape
Witty Dingo,37,8,1,2,1194,2026-09-08T18:26:48.709+00:00,shape
Witty Dingo,38,5,8,2,3177,2026-09-08T18:26:52.109+00:00,shape
Witty Dingo,39,0,8,6,2794,2026-09-08T18:26:55.128+00:00,shape
Witty Dingo,40,1,4,2,2127,2026-09-08T18:26:57.477+00:00,shape
Witty Dingo,41,3,6,6,1211,2026-09-08T18:26:58.909+00:00,shape
Witty Dingo,42,0,5,3,1211,2026-09-08T18:27:00.342+00:00,shape
Witty Dingo,43,9,5,2,3310,2026-09-08T18:27:03.874+00:00,shape
Witty Dingo,44,4,9,3,1228,2026-09-08T18:27:05.325+00:00,shape
Witty Dingo,45,6,1,2,1361,2026-09-08T18:27:06.909+00:00,shape
Witty Dingo,46,5,1,2,1077,2026-09-08T18:27:08.213+00:00,shape
Witty Dingo,47,7,1,5,3044,2026-09-08T18:27:11.480+00:00,shape
Witty Dingo,48,0,7,1,3394,2026-09-08T18:27:15.092+00:00,shape
Witty Dingo,49,0,6,6,1461,2026-09-08T18:27:16.775+00:00,shape
Witty Dingo,50,9,8,5,1261,2026-09-08T18:27:18.262+00:00,shape
Witty Dingo,51,2,4,2,2861,2026-09-08T18:27:21.343+00:00,shape
Witty Dingo,52,1,9,2,1777,2026-09-08T18:27:23.342+00:00,shape
Witty Dingo,53,6,5,6,1444,2026-09-08T18:27:25.009+00:00,shape
Witty Dingo,54,2,8,2,2027,2026-09-08T18:27:27.259+00:00,shape
Witty Dingo,55,3,8,6,1427,2026-09-08T18:27:28.911+00:00,shape
Witty Dingo,56,1,2,2,2144,2026-09-08T18:27:31.276+00:00,shape
Witty Dingo,57,3,9,6,2194,2026-09-08T18:27:33.692+00:00,shape
Witty Dingo,58,1,3,2,994,2026-09-08T18:27:34.908+00:00,shape
Witty Dingo,59,2,1,2,1411,2026-09-08T18:27:36.543+00:00,shape
Witty Dingo,60,3,7,1,2094,2026-09-08T18:27:38.859+00:00,shape
Witty Dingo,61,0,2,1,1044,2026-09-08T18:27:40.125+00:00,shape
Witty Dingo,62,4,0,1,1261,2026-09-08T18:27:41.609+00:00,shape
Witty Dingo,63,0,9,6,1994,2026-09-08T18:27:43.824+00:00,shape
Witty Dingo,64,2,5,6,3211,2026-09-08T18:27:47.258+00:00,shape
Witty Dingo,65,8,4,2,1728,2026-09-08T18:27:49.209+00:00,shape
Witty Dingo,66,6,2,2,1311,2026-09-08T18:27:50.742+00:00,shape
Witty Dingo,67,8,2,2,2127,2026-09-08T18:27:53.093+00:00,shape
Witty Dingo,68,4,2,2,1094,2026-09-08T18:27:54.412+00:00,shape
Witty Dingo,69,7,3,2,1028,2026-09-08T18:27:55.658+00:00,shape
Witty Dingo,70,0,1,1,1494,2026-09-08T18:27:57.375+00:00,shape
Witty Dingo,71,7,9,2,1761,2026-09-08T18:27:59.358+00:00,shape
Witty Dingo,72,4,5,2,3177,2026-09-08T18:28:02.758+00:00,shape
Witty Dingo,73,3,1,2,1178,2026-09-08T18:28:04.159+00:00,shape
Witty Dingo,74,4,3,1,2144,2026-09-08T18:28:06.526+00:00,shape
Witty Dingo,75,2,0,2,1827,2026-09-08T18:28:08.575+00:00,shape
Witty Dingo,76,2,6,4,2394,2026-09-08T18:28:11.196+00:00,shape
Witty Dingo,77,0,4,2,1261,2026-09-08T18:28:12.677+00:00,shape
Witty Dingo,78,8,7,2,1560,2026-09-08T18:28:14.461+00:00,shape
Witty Dingo,79,6,0,5,1977,2026-09-08T18:28:16.659+00:00,shape
Witty Dingo,80,8,3,6,2410,2026-09-08T18:28:19.296+00:00,shape
Witty Dingo,81,5,6,5,3027,2026-09-08T18:28:22.542+00:00,shape
Witty Dingo,82,5,3,5,1494,2026-09-08T18:28:24.258+00:00,shape
Witty Dingo,83,5,4,2,2110,2026-09-08T18:28:26.596+00:00,shape
Witty Dingo,84,0,3,6,1477,2026-09-08T18:28:28.293+00:00,shape
Witty Dingo,85,5,7,3,1344,2026-09-08T18:28:29.858+00:00,shape
Witty Dingo,86,1,0,2,1544,2026-09-08T18:28:31.626+00:00,shape
Witty Dingo,87,9,2,2,1811,2026-09-08T18:28:33.658+00:00,shape
Witty Dingo,88,9,4,2,678,2026-09-08T18:28:34.559+00:00,shape
Witty Dingo,89,7,0,2,1027,2026-09-08T18:28:35.809+00:00,shape
Witty Dingo,90,8,5,2,1694,2026-09-08T18:28:37.725+00:00,shape
